name,sunghiep,tridao,tamdao,sinhdao
0000.jpg,0.8,0.6,0.8,0.8
0001.jpg,0.7,0.7,0.4,0.6
0003.jpg,0.2,0.4,0.4,0.5
0004.jpg,0.3,0.5,0.4,0.6
0005.jpg,0.2,0.4,0.9,0.8
0006.jpg,0.4,0.6,0.4,1.0
0007.jpg,0.4,0.4,0.4,1.0
0008.jpg,0.8,0.9,0.4,0.9
0009.jpg,0.6,0.6,0.5,0.7
0010.jpg,0.2,0.5,0.4,0.9
0011.jpg,0.1,0.6,0.5,0.7
0012.jpg,0.4,0.9,0.5,0.9
0013.jpg,0.6,0.5,0.4,0.8
0014.jpg,0.1,0.3,0.6,0.3
0015.jpg,0.0,0.5,0.8,0.5
0016.jpg,1.0,0.7,0.7,1.0
0017.jpg,0.1,0.6,0.9,0.9
0018.jpg,1.0,0.7,0.7,1.0
0019.jpg,0.9,0.5,0.5,0.8
0020.jpg,0.6,0.5,0.7,0.8
0021.jpg,0.4,0.7,0.8,0.6
0022.jpg,0.1,0.5,0.6,0.9
0023.jpg,0.1,0.6,0.0,0.7
0024.jpg,0.1,0.5,0.9,0.9
0025.jpg,0.3,0.5,0.9,0.8
0026.jpg,0.5,0.7,0.4,0.8
0027.jpg,0.6,0.5,0.4,0.4
0028.jpg,0.7,0.6,0.9,0.8
0029.jpg,0.5,0.6,0.8,0.9
0030.jpg,0.8,0.6,0.4,0.2
0031.jpg,0.2,0.7,0.5,0.1
0032.jpg,0.3,0.6,0.6,0.9
0033.jpg,0.1,0.4,0.6,0.8
0034.jpg,0.2,0.6,0.6,0.4
0035.jpg,0.3,0.6,0.9,0.8
0036.jpg,0.6,0.9,0.6,0.5
0037.jpg,0.1,0.5,0.6,0.3
0038.jpg,0.9,0.3,0.5,1.0
0039.jpg,0.3,0.3,0.5,0.4
0040.jpg,0.5,0.7,0.9,0.4
0041.jpg,0.5,0.6,0.9,0.5
0042.jpg,1.0,0.7,0.7,1.0
0043.jpg,1.0,0.7,0.7,1.0
0044.jpg,0.7,0.8,0.7,0.9
0045.jpg,0.8,0.8,0.8,0.4
0046.jpg,1.0,0.7,0.9,0.8
0047.jpg,0.9,0.8,0.9,0.4
0048.jpg,0.6,0.7,0.9,0.9
0049.jpg,0.3,0.6,0.6,0.9
0050.jpg,0.8,0.5,0.7,0.9
0051.jpg,0.5,0.6,0.6,0.4
0052.jpg,0.8,0.4,0.8,0.1
0053.jpg,0.5,0.5,0.8,0.4
0054.jpg,0.5,0.7,0.7,0.7
0055.jpg,0.4,0.7,0.8,0.7
0056.jpg,0.7,0.8,0.9,0.9
0057.jpg,0.1,0.5,1.0,0.9
0058.jpg,0.9,0.5,0.4,0.7
0059.jpg,0.9,0.5,0.9,0.8
0060.jpg,0.5,0.6,0.8,0.9
0061.jpg,0.1,0.6,0.9,0.8
0062.jpg,0.1,0.5,0.9,0.9
0063.jpg,0.4,0.7,0.8,0.7
0064.jpg,0.5,0.4,0.4,0.9
0065.jpg,0.5,0.6,0.4,0.8
0066.jpg,0.3,0.7,1.0,1.0
0067.jpg,0.9,0.5,0.7,1.0
0068.jpg,0.3,0.2,1.0,0.9
0069.jpg,0.1,0.7,0.9,0.9
0070.jpg,0.1,0.7,0.9,0.9
0071.jpg,0.1,0.5,0.6,0.8
0072.jpg,0.6,0.6,0.5,0.7
0073.jpg,0.5,0.7,0.6,0.7
0074.jpg,0.7,0.3,0.8,0.3
0075.jpg,0.8,0.3,0.8,0.4
0077.jpg,0.5,0.5,0.5,0.8
0078.jpg,0.8,0.8,0.5,0.7
0079.jpg,0.9,0.7,0.5,0.6
0080.jpg,0.1,0.7,0.9,0.6
0081.jpg,0.1,0.8,0.7,0.7
0082.jpg,0.4,0.8,0.5,0.8
0083.jpg,0.1,0.6,0.6,0.7
0084.jpg,0.9,0.8,1.0,0.9
0085.jpg,0.7,0.8,1.0,1.0
0087.jpg,0.7,0.6,0.6,0.5
0088.jpg,0.3,0.6,0.5,0.7
0089.jpg,1.0,0.7,0.7,1.0
0090.jpg,0.7,0.6,0.9,0.9
0091.jpg,0.7,0.6,0.9,0.8
0092.jpg,0.6,0.5,0.9,0.8
0093.jpg,0.0,0.6,0.5,1.0
0094.jpg,0.0,0.5,0.5,1.0
0095.jpg,0.4,0.8,0.4,0.9
0096.jpg,0.6,0.7,0.6,0.7
0097.jpg,0.3,0.8,0.7,0.7
0098.jpg,1.0,0.5,0.9,0.9
0099.jpg,0.6,0.5,0.6,1.0
0100.jpg,0.2,0.5,0.3,0.9
0101.jpg,0.0,0.4,0.4,0.8
0102.jpg,1.0,0.7,0.7,0.9
0103.jpg,0.6,0.8,0.7,0.9
0104.jpg,0.0,0.6,0.6,0.4
0105.jpg,0.2,0.7,0.7,0.5
0106.jpg,0.1,0.6,0.7,0.5
0107.jpg,0.8,0.7,0.4,0.7
0108.jpg,0.6,0.5,0.6,0.8
0109.jpg,0.5,0.4,0.6,0.8
0110.jpg,0.4,0.5,0.7,0.7
0111.jpg,1.0,0.9,0.7,0.7
0112.jpg,0.7,0.5,0.9,1.0
0113.jpg,0.9,0.9,0.7,0.6
0114.jpg,0.8,0.3,1.0,0.8
0115.jpg,0.6,0.3,1.0,0.7
0116.jpg,0.0,0.4,0.9,0.8
0117.jpg,0.3,0.9,0.7,0.7
0118.jpg,0.7,0.7,1.0,0.8
0119.jpg,0.6,0.7,1.0,0.8
0120.jpg,0.0,0.6,0.6,0.6
0121.jpg,0.3,0.7,0.7,0.8
0122.jpg,0.4,0.6,1.0,0.9
0123.jpg,0.4,0.6,0.7,0.8
0124.jpg,0.2,0.7,0.7,0.7
0125.jpg,0.0,0.4,0.7,1.0
0126.jpg,0.7,0.6,0.8,0.6
0127.jpg,0.6,0.7,0.9,0.7
0128.jpg,0.4,0.7,0.6,1.0
0129.jpg,0.0,0.7,0.6,0.9
0130.jpg,0.2,0.3,0.8,1.0
0131.jpg,0.2,0.7,0.6,1.0
0132.jpg,0.0,0.6,0.9,0.9
0133.jpg,0.4,0.5,0.7,0.7
0134.jpg,0.7,0.5,0.5,0.9
0135.jpg,0.8,0.5,0.7,0.8
0136.jpg,0.5,0.6,0.7,0.4
0137.jpg,0.9,0.8,0.5,0.6
0138.jpg,0.3,0.7,0.7,0.8
0139.jpg,0.7,0.7,1.0,0.9
0140.jpg,0.5,0.7,0.8,0.9
0141.jpg,0.7,0.8,1.0,0.6
0142.jpg,0.8,0.6,0.8,1.0
0143.jpg,0.7,0.8,0.8,0.9
0144.jpg,0.5,0.6,0.7,0.8
0145.jpg,0.5,0.6,1.0,0.9
0146.jpg,0.1,0.6,0.9,0.8
0147.jpg,0.5,0.7,0.9,0.7
0148.jpg,0.6,0.6,0.9,0.9
0149.jpg,0.8,0.8,1.0,0.5
0150.jpg,0.8,0.7,0.8,0.4
0151.jpg,0.7,0.8,0.7,0.5
0152.jpg,0.6,0.9,0.6,0.6
0153.jpg,0.6,0.5,0.6,0.9
0154.jpg,0.2,0.6,0.5,0.7
0155.jpg,0.9,0.9,1.0,0.9
0156.jpg,0.5,0.6,0.6,0.7
0157.jpg,0.4,0.7,1.0,0.8
0158.jpg,0.2,0.7,0.7,0.9
0159.jpg,0.3,0.6,0.7,0.7
0160.jpg,0.3,0.6,0.6,0.3
0161.jpg,0.4,0.7,0.7,0.6
0162.jpg,0.2,0.5,1.0,0.8
0163.jpg,0.3,0.8,0.8,0.9
0164.jpg,0.8,0.8,0.8,0.6
0165.jpg,0.2,0.3,0.7,0.9
0166.jpg,0.5,0.6,0.7,0.9
0167.jpg,0.7,0.6,0.9,0.7
0168.jpg,0.5,0.6,0.7,0.6
0169.jpg,0.8,0.7,0.9,0.8
0170.jpg,0.2,0.7,0.9,0.9
0171.jpg,0.2,0.7,0.8,0.7
0172.jpg,0.0,0.0,0.0,0.0
0173.jpg,0.9,0.7,0.8,0.8
0174.jpg,0.8,0.7,0.7,0.6
0175.jpg,0.7,0.8,0.9,1.0
0177.jpg,0.5,0.5,0.6,0.6
0178.jpg,0.4,0.8,0.8,0.7
0179.jpg,0.6,0.7,0.8,0.7
0180.jpg,0.2,0.7,0.9,0.8
0181.jpg,0.6,0.8,0.8,0.7
0182.jpg,0.6,0.8,0.8,0.8
0183.jpg,0.5,0.5,0.9,0.8
0184.jpg,0.2,0.6,0.9,0.9
0185.jpg,0.7,0.7,0.9,0.8
0186.jpg,0.4,0.6,0.9,0.9
0187.jpg,0.9,0.7,0.8,0.7
0188.jpg,0.8,0.7,0.6,0.9
0189.jpg,0.6,0.5,0.9,0.8
0191.jpg,0.4,0.6,0.4,0.7
0192.jpg,0.8,0.7,0.9,0.9
0193.jpg,0.7,0.6,0.9,0.9
0195.jpg,0.7,0.7,0.6,0.7
0196.jpg,0.4,0.5,0.8,0.9
0197.jpg,0.7,0.8,0.7,0.9
0198.jpg,0.7,0.6,0.9,1.0
0199.jpg,0.8,0.6,0.7,0.9
0200.jpg,0.5,0.7,0.7,0.5
0201.jpg,0.7,0.8,0.6,0.5
0202.jpg,0.6,0.8,0.7,0.8
0203.jpg,0.1,0.7,0.7,0.6
0204.jpg,0.7,0.8,0.9,0.8
0205.jpg,0.5,0.8,0.6,0.4
0206.jpg,0.6,0.7,0.8,0.9
0208.jpg,0.1,0.8,0.7,0.8
0209.jpg,0.3,0.8,0.9,0.8
0210.jpg,0.9,0.7,0.9,0.9
0211.jpg,0.9,0.7,0.9,1.0
0212.jpg,0.6,0.6,0.8,0.8
0213.jpg,0.4,0.6,0.9,0.9
0214.jpg,0.1,0.3,0.9,0.8
0215.jpg,0.4,0.7,0.9,0.8
0216.jpg,0.2,0.9,0.7,0.8
0217.jpg,0.2,0.2,0.8,0.8
0218.jpg,0.8,0.8,0.9,0.9
0219.jpg,0.4,0.6,0.7,0.8
0220.jpg,0.6,0.7,0.6,0.5
0221.jpg,0.5,0.9,0.7,0.3
0223.jpg,0.8,0.8,0.9,0.8
0224.jpg,0.4,0.7,0.9,0.9
0226.jpg,0.3,0.6,0.7,0.8
0227.jpg,0.8,0.7,0.8,0.9
0228.jpg,0.6,0.8,0.7,0.9
0229.jpg,0.5,0.8,0.7,0.6
0230.jpg,0.3,0.8,0.8,0.6
0231.jpg,0.8,0.7,0.8,0.9
0232.jpg,0.8,1.0,0.8,0.9
0233.jpg,0.7,0.8,0.9,0.8
0234.jpg,0.3,0.6,0.8,0.6
0235.jpg,0.8,0.7,0.8,0.9
0236.jpg,0.5,0.6,0.7,0.9
0237.jpg,0.6,0.5,0.9,0.7
0240.jpg,0.8,0.9,0.8,0.8
0241.jpg,0.4,0.7,0.8,0.9
0242.jpg,0.6,0.6,0.8,0.7
0243.jpg,0.4,0.7,0.9,0.7
0244.jpg,0.3,0.8,0.8,0.8
0245.jpg,0.4,0.8,0.8,0.7
0246.jpg,0.2,0.6,0.9,0.8
0247.jpg,0.1,0.5,0.9,0.8
0248.jpg,0.3,0.3,0.9,0.9
0249.jpg,0.4,0.4,0.9,0.9
0250.jpg,0.4,0.5,0.9,0.9
0252.jpg,0.3,0.7,0.9,1.0
0253.jpg,0.4,1.0,0.8,1.0
0255.jpg,0.3,0.7,0.7,0.9
0256.jpg,0.9,0.7,0.7,0.6
0257.jpg,0.8,0.3,0.6,0.4
0258.jpg,1.0,0.3,0.6,0.5
0260.jpg,0.8,0.5,0.7,0.4
0261.jpg,0.7,0.6,0.6,0.3
0262.jpg,0.3,0.4,1.0,0.9
0264.jpg,0.5,0.4,0.7,1.0
0265.jpg,0.4,0.5,0.7,0.6
0266.jpg,0.6,0.6,0.5,0.7
0267.jpg,0.1,0.5,0.7,1.0
0269.jpg,0.2,0.2,0.7,0.8
0271.jpg,0.3,0.6,0.6,0.7
0272.jpg,0.3,0.5,0.7,0.9
0273.jpg,1.0,0.4,0.8,0.8
0274.jpg,0.8,0.3,0.6,0.8
0277.jpg,0.5,0.6,0.9,1.0
0278.jpg,0.3,0.6,0.6,1.0
0279.jpg,0.9,0.6,0.8,1.0
0280.jpg,0.3,0.5,0.9,1.0
0281.jpg,0.7,0.6,0.8,0.7
0282.jpg,0.1,0.6,0.9,0.9
0283.jpg,0.5,0.4,1.0,1.0
0284.jpg,0.9,0.8,0.7,1.0
0285.jpg,1.0,0.7,0.9,1.0
0286.jpg,0.4,0.7,0.9,0.8
0287.jpg,0.8,0.5,0.9,0.9
0288.jpg,0.7,0.6,0.8,1.0
0289.jpg,0.4,0.8,0.7,0.8
0292.jpg,0.7,0.6,0.7,0.8
0293.jpg,0.3,0.6,0.6,0.7
0298.jpg,1.0,0.6,0.6,0.7
0299.jpg,0.9,0.3,0.8,0.8
0302.jpg,0.1,0.4,0.7,0.8
0303.jpg,0.2,0.5,0.7,0.6
0304.jpg,0.5,0.4,0.6,0.6
0305.jpg,0.6,0.5,0.7,0.8
0306.jpg,0.8,0.4,0.6,0.5
0307.jpg,0.8,0.6,0.4,0.6
0308.jpg,0.6,0.6,0.8,0.9
0310.jpg,0.2,0.4,0.6,0.9
0311.jpg,0.5,0.4,0.6,0.6
0312.jpg,0.8,0.5,0.8,0.7
0313.jpg,0.7,0.6,0.8,0.5
0314.jpg,0.5,0.5,0.6,0.7
0315.jpg,0.7,0.4,0.8,1.0
0317.jpg,0.8,0.6,0.6,0.9
0318.jpg,0.9,0.8,0.7,0.9
0319.jpg,0.8,0.6,0.6,0.7
0323.jpg,0.4,0.4,0.5,0.9
0324.jpg,0.7,0.6,0.5,0.9
0325.jpg,0.8,0.6,0.7,0.8
0326.jpg,0.7,0.7,0.8,0.4
0327.jpg,0.3,0.6,0.6,1.0
0329.jpg,0.2,0.6,0.6,1.0
0330.jpg,0.3,0.5,0.7,1.0
0331.jpg,0.4,0.5,0.6,0.6
0333.jpg,0.5,0.6,0.7,1.0
0334.jpg,0.9,0.5,0.6,1.0
0335.jpg,0.8,0.6,0.7,0.9
0336.jpg,0.5,0.6,0.8,0.8
0337.jpg,0.8,0.6,0.7,1.0
0338.jpg,0.7,0.5,0.5,1.0
0339.jpg,0.5,0.6,0.7,0.7
0340.jpg,0.2,0.4,0.6,0.3
0341.jpg,0.3,0.5,0.8,0.9
0342.jpg,0.2,0.5,0.7,0.8
0343.jpg,0.5,0.8,0.8,0.9
0344.jpg,0.8,0.7,0.6,0.9
0351.jpg,0.7,0.6,0.9,0.8
0353.jpg,0.5,0.4,0.6,0.8
0354.jpg,0.1,0.3,0.6,0.8
0355.jpg,0.4,0.5,0.6,0.6
0356.jpg,0.4,0.4,0.5,0.5
0357.jpg,0.4,0.5,0.6,0.9
0358.jpg,0.5,0.4,0.7,0.9
0361.jpg,0.3,0.6,0.7,0.8
0362.jpg,0.3,0.5,0.6,0.8
0363.jpg,0.2,0.4,0.7,0.9
0364.jpg,0.4,0.5,0.8,0.5
0365.jpg,0.3,0.6,0.7,0.9
0366.jpg,0.3,0.7,0.5,0.7
0367.jpg,0.7,0.6,0.6,0.8
0370.jpg,0.4,0.5,0.7,0.3
0371.jpg,0.9,0.7,0.6,0.9
0373.jpg,0.4,0.7,0.8,0.9
0375.jpg,0.2,0.4,0.6,0.7
0376.jpg,0.5,0.2,0.6,0.9
0377.jpg,0.3,0.4,0.6,0.7
0378.jpg,0.4,0.6,0.7,0.8
0379.jpg,0.5,0.3,0.7,0.8
0382.jpg,0.6,0.5,0.4,1.0
0436.jpg,0.0,0.7,0.7,1.0
0437.jpg,0.0,0.7,0.7,1.0
0438.jpg,1.0,0.7,0.7,1.0
0439.jpg,1.0,0.7,0.7,1.0
0440.jpg,1.0,0.7,0.7,1.0
0441.jpg,0.0,0.7,0.7,1.0
0442.jpg,0.0,0.7,0.8,1.0
0443.jpg,0.0,0.6,0.7,1.0
0444.jpg,0.0,0.7,0.9,1.0
0445.jpg,0.0,0.7,0.8,1.0
0446.jpg,1.0,0.6,0.8,1.0
0447.jpg,1.0,0.5,0.7,0.9
0448.jpg,1.0,0.7,0.8,0.6
0449.jpg,1.0,0.8,0.6,1.0
0450.jpg,0.0,0.6,0.7,0.9
0451.jpg,0.0,0.8,0.6,0.9
0452.jpg,0.0,0.7,0.9,0.9
0453.jpg,1.0,0.7,0.8,0.8
0454.jpg,1.0,0.7,0.8,1.0
0455.jpg,1.0,0.7,0.8,0.6
0456.jpg,1.0,0.8,0.7,0.8
0457.jpg,0.0,0.9,0.8,0.9
0458.jpg,0.0,0.8,0.9,0.6
0459.jpg,1.0,0.8,0.9,1.0
0460.jpg,0.0,0.8,0.9,0.7
0461.jpg,0.0,0.8,0.6,0.9
0462.jpg,1.0,0.8,0.7,0.9
0463.jpg,1.0,0.8,0.7,0.9
0464.jpg,0.0,0.8,0.6,0.9
0465.jpg,1.0,0.8,0.4,0.9
0466.jpg,1.0,0.8,0.7,0.9
0467.jpg,1.0,0.7,0.8,0.9
0468.jpg,1.0,0.8,0.7,0.8
0469.jpg,1.0,0.8,0.9,0.8
0470.jpg,0.0,0.8,0.7,0.9
0471.jpg,0.0,0.8,0.7,0.8
0472.jpg,1.0,0.8,0.5,0.9
0473.jpg,1.0,0.9,0.6,0.9
0474.jpg,1.0,0.8,0.9,0.8
0475.jpg,1.0,0.8,0.9,0.9
0477.jpg,0.0,0.8,0.6,0.8
0478.jpg,1.0,0.8,0.7,0.9
0479.jpg,1.0,0.8,0.6,0.8
0480.jpg,0.0,0.7,0.5,0.9
0481.jpg,1.0,0.8,0.7,0.9
0482.jpg,1.0,0.8,0.7,0.9
0483.jpg,1.0,0.8,0.5,0.8
0484.jpg,0.0,0.8,0.5,0.9
0485.jpg,1.0,0.8,0.8,0.6
0486.jpg,1.0,0.7,0.9,0.8
0487.jpg,0.0,0.9,0.6,0.8
0489.jpg,0.0,0.8,0.7,1.0
0490.jpg,0.0,0.6,0.8,0.9
0491.jpg,1.0,0.8,0.7,0.9
0493.jpg,1.0,0.8,0.7,0.8
0494.jpg,1.0,0.9,0.3,0.8
0495.jpg,0.4,0.8,0.6,0.9
0496.jpg,0.0,0.9,0.7,0.9
0497.jpg,1.0,0.8,0.9,0.7
0498.jpg,0.0,0.8,0.9,0.9
0499.jpg,0.0,0.8,0.9,0.9
0500.jpg,0.0,0.7,0.9,0.6
0501.jpg,0.0,0.9,0.8,0.9
0502.jpg,1.0,0.9,0.7,0.9
0503.jpg,1.0,0.7,0.9,0.8
0504.jpg,1.0,0.8,0.9,0.8
0505.jpg,1.0,0.7,0.9,0.8
0506.jpg,0.0,0.9,0.7,1.0
0507.jpg,0.6,0.9,0.8,0.9
0508.jpg,0.6,0.8,0.9,0.8
0509.jpg,1.0,0.8,0.9,0.8
0510.jpg,0.0,0.6,0.9,0.8
0511.jpg,1.0,0.9,1.0,0.8
0513.jpg,0.0,1.0,0.8,0.9
0514.jpg,0.0,0.9,0.9,0.8
0515.jpg,1.0,0.9,0.8,0.9
0517.jpg,0.9,0.9,0.7,0.9
0518.jpg,1.0,0.9,0.8,1.0
0519.jpg,0.0,0.9,0.8,0.9
0520.jpg,1.0,0.8,0.9,0.8
0521.jpg,1.0,0.8,0.7,0.8
0522.jpg,1.0,0.9,0.8,0.9
0523.jpg,1.0,0.8,0.8,0.9
0524.jpg,1.0,0.8,0.9,0.8
0525.jpg,1.0,0.8,0.9,0.8
0526.jpg,0.0,0.9,0.8,0.9
0527.jpg,0.8,0.8,0.9,0.9
0528.jpg,1.0,0.9,0.8,0.9
0529.jpg,0.7,0.9,0.8,0.9
0530.jpg,0.0,1.0,0.8,0.9
0531.jpg,0.0,0.8,0.9,0.8
0532.jpg,1.0,0.9,0.9,0.8
0533.jpg,1.0,0.8,0.8,0.9
0534.jpg,0.7,0.8,0.7,0.9
0535.jpg,0.0,0.8,0.9,0.7
0536.jpg,0.8,0.8,0.9,0.7
0537.jpg,0.6,0.9,0.8,0.9
0538.jpg,0.9,0.7,0.8,0.9
0540.jpg,0.7,0.8,0.7,0.9
0541.jpg,0.0,0.8,0.8,1.0
0542.jpg,0.6,0.9,0.7,0.9
0543.jpg,0.8,0.6,0.8,0.9
0544.jpg,0.8,0.7,0.8,0.6
0545.jpg,0.8,0.7,0.8,0.8
0546.jpg,0.8,1.0,0.8,0.9
0547.jpg,0.8,0.9,0.8,0.9
0548.jpg,0.0,0.6,0.8,1.0
0549.jpg,0.0,0.9,0.6,0.8
0550.jpg,0.0,0.8,0.7,0.9
0551.jpg,1.0,0.9,0.8,0.9
0552.jpg,0.8,0.9,0.7,0.8
0553.jpg,1.0,0.8,0.7,0.9
0556.jpg,0.0,0.9,0.6,0.8
0557.jpg,0.0,0.7,0.8,0.8
0558.jpg,0.6,0.8,0.7,1.0
0561.jpg,0.6,0.6,0.8,0.9
0563.jpg,0.9,0.9,0.7,0.9
0564.jpg,0.8,0.9,0.7,0.9
0565.jpg,0.8,0.9,0.8,0.9
0567.jpg,0.8,0.6,0.9,0.9
0568.jpg,0.6,0.8,0.9,0.7
0570.jpg,0.0,0.8,0.9,0.9
0571.jpg,1.0,0.9,0.7,0.8
0573.jpg,0.8,0.8,0.7,0.8
0574.jpg,0.8,0.6,0.8,0.9
0576.jpg,0.7,0.9,0.8,0.9
0577.jpg,0.0,0.9,0.8,0.9
0578.jpg,0.0,0.8,0.9,0.9
0579.jpg,0.8,0.8,0.7,0.8
0580.jpg,0.8,0.9,0.8,0.9
0581.jpg,0.9,0.7,0.8,0.8
0582.jpg,0.6,0.7,0.9,0.8
0583.jpg,0.8,0.8,0.8,0.9
0585.jpg,0.0,0.8,0.9,0.8
0586.jpg,0.0,0.9,0.9,0.6
0587.jpg,0.0,0.8,0.5,0.9
0588.jpg,0.0,0.9,0.7,0.9
0589.tiff,0.0,0.6,0.8,0.0
0590.tiff,0.0,0.7,0.9,0.8
0591.tiff,0.9,0.7,0.8,1.0
0592.tiff,0.0,0.8,0.5,0.7
0593.tiff,0.0,0.8,0.9,0.8
0594.tiff,0.0,0.9,0.8,0.8
0595.tiff,0.0,0.9,0.8,0.9
0596.tiff,0.1,0.9,0.8,0.8
0597.tiff,0.1,0.8,0.9,0.8
0598.tiff,0.2,0.8,0.6,0.8
0600.tiff,0.1,0.9,0.7,0.9
0601.tiff,0.0,0.2,0.6,0.8
0602.tiff,0.1,0.9,0.7,0.8
0603.tiff,0.0,0.9,0.9,1.0
0604.tiff,0.0,0.8,0.8,1.0
0605.tiff,0.0,0.7,0.9,0.7
0606.tiff,0.0,0.9,0.8,0.8
0607.tiff,0.0,0.9,0.8,0.9
0608.tiff,0.0,0.9,0.8,0.9
0609.tiff,0.0,0.9,0.8,0.9
0610.tiff,0.1,0.8,0.9,0.8
0611.tiff,0.1,0.7,0.6,0.9
0612.tiff,0.1,0.6,0.8,0.9
0613.tiff,0.1,0.6,0.8,0.9
0614.tiff,0.1,0.6,0.8,0.9
0615.tiff,0.1,0.8,0.6,0.9
0616.tiff,0.1,0.8,0.9,0.8
0617.tiff,0.0,0.9,0.7,0.8
0618.tiff,0.1,0.8,0.5,0.8
0619.tiff,0.1,0.8,0.7,0.9
0620.tiff,0.1,0.7,0.7,1.0
0621.tiff,0.1,0.8,0.8,0.6
0622.tiff,0.1,0.7,0.9,0.8
0623.tiff,0.1,0.8,0.6,0.8
0624.tiff,0.1,0.8,0.6,0.8
0625.tiff,0.2,0.8,0.7,0.8
0626.tiff,0.1,0.8,0.9,0.8
0627.tiff,0.1,0.6,0.7,0.9
0628.tiff,0.1,0.7,0.8,0.9
0629.tiff,0.1,0.7,0.9,0.8
0630.tiff,0.1,0.7,0.9,0.7
0631.tiff,0.1,0.8,0.8,0.7
0632.tiff,0.1,0.7,0.8,0.9
0633.tiff,0.1,0.9,0.7,0.8
0634.tiff,0.1,0.8,0.9,0.9
0635.tiff,0.1,0.9,0.8,0.9
0636.tiff,0.1,0.9,0.7,0.9
0637.tiff,0.1,0.8,0.7,0.8
0638.tiff,0.1,0.8,0.7,0.9
0639.tiff,0.1,0.8,0.7,0.9
0640.tiff,0.1,0.8,0.9,0.8
0641.tiff,0.1,0.8,0.6,0.8
0642.tiff,0.1,0.9,0.8,0.9
0643.tiff,0.1,0.8,0.9,0.8
0644.tiff,0.1,0.9,0.8,0.9
0645.tiff,0.2,0.8,0.9,0.7
0646.tiff,0.1,0.9,0.7,0.9
0647.tiff,0.1,0.7,0.8,0.7
0648.tiff,0.1,0.9,0.8,0.9
0649.tiff,0.1,0.8,0.8,0.7
0650.tiff,0.1,0.8,0.9,0.8
0651.tiff,0.1,0.8,0.9,0.8
0652.tiff,0.1,0.8,0.7,0.9
0653.tiff,0.1,0.8,0.9,0.7
0654.tiff,0.1,0.8,0.7,0.8
0655.tiff,0.1,0.9,0.8,0.9
0656.tiff,0.1,0.8,0.9,0.8
0657.tiff,0.1,0.9,0.8,0.9
0658.tiff,0.1,0.9,0.8,0.9
0659.tiff,0.1,0.8,0.6,0.8
0660.tiff,0.2,0.8,0.6,0.8
0661.tiff,0.1,0.8,0.9,0.8
0662.tiff,0.1,0.9,0.8,0.6
0663.tiff,0.1,0.8,0.6,0.9
0664.tiff,0.2,0.9,0.8,0.9
0665.tiff,0.3,0.7,0.8,0.9
0666.tiff,0.1,0.8,0.9,0.9
0667.tiff,0.2,0.9,0.8,0.9
0668.tiff,0.1,0.8,0.9,0.8
0669.tiff,0.1,0.8,0.7,0.8
0670.tiff,0.1,0.7,0.8,0.8
0671.tiff,0.1,0.9,0.8,0.9
0672.tiff,0.1,0.8,0.8,0.9
0673.tiff,0.3,0.9,0.8,0.9
0674.tiff,0.1,0.8,0.7,0.9
0675.tiff,0.1,0.9,0.8,0.9
0676.tiff,0.1,0.8,0.6,0.9
0678.tiff,0.1,0.8,0.9,0.8
0679.tiff,0.1,0.9,0.8,0.9
0680.tiff,0.1,0.9,0.8,0.8
0681.tiff,0.1,0.8,0.7,0.8
0682.tiff,0.4,0.9,0.7,1.0
0683.tiff,0.1,0.8,0.7,0.9
0684.tiff,0.1,0.8,0.7,0.9
0685.tiff,0.1,0.8,0.6,0.9
0686.tiff,0.1,0.8,0.7,0.9
0687.tiff,0.1,0.9,0.8,1.0
0688.tiff,0.1,0.8,0.9,0.6
0689.tiff,0.1,0.8,0.9,0.7
0690.tiff,0.1,0.8,0.7,0.8
0691.tiff,0.1,0.9,0.7,0.8
0692.tiff,0.1,0.8,0.6,1.0
0693.tiff,0.1,0.9,0.7,0.9
0696.tiff,0.6,0.8,0.7,0.8
0697.tiff,0.1,0.7,0.8,0.7
0698.tiff,0.1,0.8,0.6,0.9
0699.tiff,0.1,0.8,0.7,0.7
0700.tiff,0.1,0.8,0.7,0.8
0702.tiff,0.1,0.8,0.7,0.9
0703.tiff,0.1,0.8,0.7,0.9
0704.tiff,0.1,0.9,0.8,0.9
0705.tiff,0.2,0.8,0.6,0.8
0706.tiff,0.0,0.0,0.0,0.0
0707.tiff,0.1,0.1,0.1,0.1
0708.tiff,0.0,0.0,0.0,0.0
0709.tiff,0.1,0.8,0.7,0.9
0710.tiff,0.2,0.8,0.9,0.8
0711.tiff,0.1,0.8,0.9,0.8
0712.tiff,0.9,0.8,0.6,0.7
0713.tiff,0.1,0.9,0.8,0.9
0714.tiff,0.0,0.7,0.9,0.8
0715.tiff,0.1,0.9,0.7,0.9
0716.tiff,0.0,0.8,0.6,0.9
0717.tiff,0.6,0.9,0.8,0.9
0718.tiff,0.4,0.8,0.9,1.0
0719.tiff,0.1,0.9,0.8,1.0
0720.tiff,0.1,0.8,0.9,0.7
0721.tiff,0.6,0.8,0.9,0.7
0722.tiff,0.1,0.9,0.7,0.9
0723.tiff,0.4,0.8,0.9,0.8
0724.tiff,0.5,0.8,0.9,0.9
0725.tiff,0.6,0.8,0.8,0.9
0726.tiff,0.6,0.8,0.5,0.8
0727.tiff,0.8,0.9,0.7,0.9
0728.tiff,0.8,0.9,0.7,0.8
0730.tiff,0.7,0.9,0.9,0.8
0731.tiff,0.8,0.6,0.9,0.8
0732.tiff,0.4,0.8,0.7,0.9
0733.tiff,0.0,0.8,0.6,0.8
0734.tiff,0.0,0.8,0.6,0.9
0735.tiff,0.0,0.8,0.6,0.9
0736.tiff,0.4,0.8,0.7,0.9
0737.tiff,0.4,0.8,0.9,1.0
0738.tiff,0.3,0.8,0.8,0.9
0739.tiff,0.1,0.8,0.9,0.7
0740.tiff,0.1,0.8,0.9,0.7
0741.tiff,0.1,0.8,0.9,0.8
0742.tiff,0.5,0.9,0.7,0.8
0743.tiff,0.1,0.8,0.7,1.0
0744.tiff,0.3,0.8,0.9,1.0
0745.tiff,0.5,0.8,0.9,0.8
0746.tiff,0.1,0.9,0.7,0.9
0747.tiff,0.1,0.8,0.8,0.1
0748.tiff,0.1,0.8,0.9,0.7
0749.tiff,0.1,0.8,0.9,0.7
0750.tiff,0.1,0.9,0.8,0.9
0751.tiff,0.1,0.9,0.8,1.0
0752.tiff,0.1,0.8,0.9,0.8
0753.tiff,0.1,0.9,0.8,0.9
0754.tiff,0.1,0.7,0.9,0.8
0755.tiff,0.1,0.9,0.8,0.9
0756.tiff,0.1,0.8,0.9,0.8
0757.tiff,0.1,0.9,0.8,0.9
0758.tiff,0.1,0.9,0.7,0.9
0759.tiff,0.1,0.9,0.8,0.9
0760.tiff,0.1,0.9,0.9,0.8
0761.tiff,0.1,0.9,0.8,0.8
0762.tiff,0.1,0.8,1.0,1.0
0763.tiff,0.1,0.8,0.9,0.8
0764.tiff,0.1,0.8,0.7,0.9
0765.tiff,0.3,0.9,0.8,0.9
0766.tiff,0.1,0.8,0.9,0.8
0767.tiff,0.1,0.8,0.9,0.8
0768.tiff,0.2,0.9,0.8,0.9
0769.tiff,0.1,0.8,0.9,1.0
0770.tiff,0.1,0.8,0.9,0.7
0771.tiff,0.1,0.8,0.9,0.8
0772.tiff,0.1,0.9,0.7,0.8
0773.tiff,0.1,0.8,0.9,0.8
0774.tiff,0.1,0.9,0.8,1.0
0775.tiff,0.1,0.8,0.9,1.0
0776.tiff,0.3,0.4,0.7,0.9
0777.tiff,0.5,0.6,0.7,1.0
0778.tiff,0.5,0.8,0.8,1.0
0779.tiff,0.6,0.8,0.9,0.8
0780.tiff,0.5,0.6,0.8,0.9
0781.tiff,0.5,0.7,0.8,0.9
0782.tiff,0.8,0.4,0.8,0.4
0783.tiff,1.0,0.6,0.6,0.8
0784.tiff,1.0,1.0,0.6,0.5
0785.tiff,0.8,0.9,0.7,0.3
0786.tiff,0.8,0.9,0.7,0.4
0787.tiff,0.8,0.9,0.7,0.4
0788.tiff,0.8,0.9,0.7,0.4
0789.tiff,0.8,0.9,0.7,0.4
0790.tiff,1.0,0.9,0.6,0.3
0791.tiff,1.0,0.9,0.7,0.3
0792.tiff,0.8,0.4,0.8,0.9
0793.tiff,1.0,0.4,0.8,0.9
0794.tiff,1.0,0.5,0.8,0.9
0795.tiff,0.8,0.6,0.8,0.9
0796.tiff,0.7,0.5,0.8,0.9
0797.tiff,0.9,0.6,0.8,0.9
0798.tiff,0.8,0.6,0.9,1.0
0799.tiff,0.7,0.5,0.9,0.9
0800.tiff,0.6,0.3,0.9,1.0
0801.tiff,0.7,0.6,0.9,0.8
0802.tiff,0.1,0.7,1.0,1.0
0805.tiff,0.4,0.9,1.0,1.0
0808.tiff,0.4,0.7,1.0,1.0
0809.tiff,0.4,0.8,1.0,1.0
0810.tiff,0.3,0.8,1.0,0.9
0811.tiff,0.1,0.6,1.0,1.0
0812.tiff,0.1,0.1,1.0,1.0
0813.tiff,0.3,0.2,0.7,1.0
0814.tiff,0.1,0.2,0.7,1.0
0815.tiff,0.1,0.3,1.0,0.9
0816.tiff,0.1,0.2,0.9,0.8
0817.tiff,0.3,0.2,1.0,0.9
0818.tiff,0.2,0.2,0.7,1.0
0819.tiff,0.2,0.3,1.0,1.0
0820.tiff,0.2,0.3,0.8,1.0
0821.tiff,0.2,0.2,0.9,1.0
0822.tiff,0.3,0.5,0.6,0.9
0823.tiff,0.3,0.5,0.5,1.0
0824.tiff,0.2,0.6,0.5,0.9
0825.tiff,0.1,0.4,0.4,0.9
0826.tiff,0.2,0.5,0.5,0.9
0827.tiff,0.4,0.5,0.6,0.9
0828.tiff,0.1,0.4,0.4,0.8
0829.tiff,0.1,0.4,0.5,0.8
0830.tiff,0.2,0.6,0.4,0.8
0831.tiff,0.3,0.5,0.6,0.8
0832.tiff,0.3,0.4,0.7,1.0
0833.tiff,0.6,0.7,0.6,1.0
0834.tiff,0.5,0.6,0.7,0.8
0836.tiff,0.5,0.8,0.6,0.9
0837.tiff,0.4,0.7,0.7,1.0
0838.tiff,0.5,0.7,0.7,1.0
0839.tiff,0.5,0.7,0.7,1.0
0840.tiff,0.5,0.7,0.7,1.0
0841.tiff,0.5,0.7,0.7,1.0
0842.tiff,0.4,0.3,0.6,1.0
0843.tiff,0.4,0.3,0.6,1.0
0844.tiff,0.7,0.3,0.6,1.0
0845.tiff,0.7,0.4,0.7,1.0
0846.tiff,0.8,0.3,0.7,1.0
0847.tiff,0.6,0.4,0.7,1.0
0848.tiff,0.6,0.4,0.7,1.0
0849.tiff,0.6,0.4,0.7,1.0
0850.tiff,0.7,0.3,0.6,1.0
0851.tiff,0.7,0.4,0.6,1.0
0852.tiff,0.5,0.8,0.6,1.0
0853.tiff,0.5,0.8,0.6,1.0
0854.tiff,0.5,0.6,0.6,1.0
0855.tiff,0.6,0.7,0.6,1.0
0856.tiff,0.6,0.7,0.6,1.0
0857.tiff,0.6,0.7,0.7,1.0
0858.tiff,0.6,0.7,0.7,1.0
0859.tiff,0.5,0.6,0.6,1.0
0860.tiff,0.5,0.6,0.6,0.9
0861.tiff,0.6,0.7,0.6,0.9
0862.tiff,0.1,0.2,0.6,0.6
0863.tiff,0.1,0.2,0.7,0.7
0864.tiff,0.1,0.2,0.7,0.7
0865.tiff,0.1,0.2,0.9,0.7
0866.tiff,0.1,0.2,0.8,0.7
0867.tiff,0.1,0.3,0.8,0.6
0868.tiff,0.0,0.3,0.9,0.6
0869.tiff,0.1,0.3,0.9,0.7
0870.tiff,0.1,0.3,0.8,0.7
0871.tiff,0.1,0.2,0.8,0.7
0872.tiff,0.6,0.4,0.7,0.4
0873.tiff,0.5,0.4,0.7,0.4
0874.tiff,0.5,0.4,0.7,0.4
0875.tiff,0.5,0.4,0.7,0.4
0876.tiff,0.5,0.4,0.7,0.4
0877.tiff,0.5,0.4,0.7,0.4
0878.tiff,0.4,0.4,0.7,0.6
0879.tiff,0.4,0.4,0.7,0.6
0880.tiff,0.4,0.4,0.7,0.6
0881.tiff,0.5,0.4,0.7,0.6
0882.tiff,0.8,0.2,0.6,0.7
0883.tiff,0.8,0.4,0.6,0.8
0885.tiff,1.0,0.3,0.7,0.7
0886.tiff,0.9,0.3,0.7,0.7
0887.tiff,0.9,0.5,0.6,0.7
0888.tiff,0.9,0.3,0.6,0.7
0889.tiff,1.0,0.3,0.7,0.7
0890.tiff,0.9,0.3,0.7,0.7
0891.tiff,0.9,0.4,0.7,0.7
0892.tiff,0.8,0.5,0.6,0.9
0893.tiff,0.7,0.5,0.6,0.9
0894.tiff,0.6,0.5,0.6,0.8
0895.tiff,0.7,0.5,0.7,0.8
0897.tiff,0.6,0.6,0.7,0.8
0898.tiff,0.6,0.6,0.6,0.8
0899.tiff,0.6,0.5,0.7,0.8
0900.tiff,0.6,0.6,0.7,0.8
0901.tiff,0.1,0.4,0.6,1.0
0902.tiff,0.3,0.4,0.6,1.0
0903.tiff,0.5,0.4,0.7,1.0
0904.tiff,0.5,0.4,0.7,1.0
0905.tiff,0.5,0.4,0.7,1.0
0906.tiff,0.5,0.4,0.7,1.0
0907.tiff,0.4,0.4,0.7,1.0
0908.tiff,0.4,0.4,0.7,1.0
0909.tiff,0.4,0.4,0.7,1.0
0910.tiff,0.4,0.4,0.7,1.0
0911.tiff,0.3,0.5,0.8,1.0
0912.tiff,0.3,0.4,0.8,1.0
0913.tiff,0.4,0.5,0.8,1.0
0914.tiff,0.4,0.5,0.8,1.0
0915.tiff,0.4,0.4,0.8,1.0
0916.tiff,0.4,0.4,0.7,1.0
0917.tiff,0.3,0.5,0.7,1.0
0918.tiff,0.3,0.4,0.9,1.0
0919.tiff,0.3,0.4,0.8,1.0
0920.tiff,0.2,0.4,0.8,1.0
0921.tiff,0.7,0.0,0.6,0.9
0922.tiff,0.3,0.0,0.6,1.0
0923.tiff,0.3,0.1,0.6,0.7
0928.tiff,0.1,0.1,0.6,0.9
0929.tiff,0.3,0.1,0.6,1.0
0930.tiff,0.5,0.3,1.0,0.8
0931.tiff,0.4,0.2,0.9,0.9
0932.tiff,0.5,0.3,1.0,1.0
0933.tiff,0.3,0.2,0.9,0.8
0934.tiff,0.4,0.3,0.9,0.7
0935.tiff,0.5,0.3,0.9,1.0
0938.tiff,0.7,0.6,0.5,0.8
0958.tiff,0.4,0.4,0.6,0.8
0959.tiff,0.3,0.4,0.6,0.7
0960.tiff,0.3,0.5,0.6,0.6
0961.tiff,0.4,0.5,0.6,0.7
0962.tiff,0.4,0.4,0.6,0.7
0963.tiff,0.4,0.5,0.6,0.7
0964.tiff,0.3,0.4,0.6,0.7
0965.tiff,0.4,0.5,0.6,0.7
0966.tiff,0.4,0.4,0.6,0.7
0967.tiff,0.4,0.4,0.6,0.7
0968.tiff,0.5,0.5,0.6,1.0
0969.tiff,0.4,0.5,0.6,1.0
0970.tiff,0.4,0.5,0.6,1.0
0971.tiff,0.4,0.5,0.6,1.0
0972.tiff,0.4,0.4,0.6,1.0
0973.tiff,0.4,0.4,0.6,1.0
0974.tiff,0.5,0.5,0.7,1.0
0975.tiff,0.5,0.5,0.7,1.0
0976.tiff,0.5,0.5,0.6,1.0
0977.tiff,0.4,0.5,0.7,1.0
0978.tiff,0.4,0.4,0.6,1.0
0979.tiff,0.1,0.3,0.3,1.0
0980.tiff,0.1,0.3,0.7,1.0
0981.tiff,0.1,0.2,0.6,1.0
0982.tiff,0.1,0.3,0.7,1.0
0983.tiff,0.0,0.3,0.7,1.0
0984.tiff,0.1,0.3,0.7,1.0
0985.tiff,0.0,0.3,0.8,1.0
0986.tiff,0.1,0.3,0.6,0.9
0987.tiff,0.1,0.3,0.6,0.8
0988.tiff,0.2,0.3,0.6,1.0
0989.tiff,0.3,0.2,0.5,1.0
0990.tiff,0.4,0.2,0.5,1.0
0991.tiff,0.3,0.2,0.5,1.0
0992.tiff,0.3,0.2,0.6,1.0
0993.tiff,0.3,0.3,0.6,1.0
0994.tiff,0.3,0.2,0.6,1.0
0995.tiff,0.3,0.3,0.6,1.0
0996.tiff,0.3,0.3,0.6,1.0
0997.tiff,0.3,0.3,0.5,1.0
0998.tiff,0.2,0.3,0.5,1.0
1001.tiff,0.6,0.5,0.7,0.8
1002.tiff,0.4,0.5,0.6,0.7
1003.tiff,0.8,0.4,0.6,0.6
1004.tiff,0.5,0.7,0.6,0.6
1005.tiff,0.5,0.5,0.6,0.6
1006.tiff,0.5,0.6,0.7,0.6
1007.tiff,0.4,0.5,0.7,0.6
1008.tiff,0.8,0.4,0.6,0.2
1009.tiff,0.7,0.5,0.5,0.2
1010.tiff,0.9,0.5,0.7,0.2
1011.tiff,0.8,0.5,0.6,0.3
1012.tiff,0.8,0.5,0.6,0.3
1014.tiff,0.7,0.4,0.6,0.3
1015.tiff,0.6,0.4,0.6,0.2
1016.tiff,0.8,0.4,0.7,0.3
1017.tiff,0.7,0.4,0.6,0.2
1018.tiff,0.3,0.5,0.6,0.9
1019.tiff,0.1,0.5,0.6,0.8
1020.tiff,0.1,0.5,0.6,0.9
1021.tiff,0.2,0.5,0.6,1.0
1022.tiff,0.2,0.5,0.6,0.9
1023.tiff,0.2,0.5,0.6,0.8
1024.tiff,0.3,0.7,0.6,1.0
1025.tiff,0.3,0.5,0.6,0.9
1026.tiff,0.3,0.5,0.6,0.8
1027.tiff,0.3,0.5,0.6,0.9
1028.tiff,0.3,0.5,0.6,1.0
1029.tiff,0.3,0.4,0.6,1.0
1030.tiff,0.4,0.5,0.6,1.0
1031.tiff,0.3,0.5,0.6,1.0
1032.tiff,0.4,0.4,0.6,1.0
1033.tiff,0.3,0.5,0.6,1.0
1034.tiff,0.3,0.5,0.6,1.0
1035.tiff,0.4,0.4,0.6,1.0
1036.tiff,0.3,0.4,0.6,1.0
1037.tiff,0.4,0.4,0.7,1.0
1039.tiff,0.0,0.3,0.6,1.0
1048.tiff,0.7,0.7,0.5,1.0
1050.tiff,0.5,0.6,0.6,0.8
1051.tiff,0.4,0.5,0.7,1.0
1052.tiff,0.3,0.4,0.5,0.8
1053.tiff,0.2,0.5,0.5,1.0
1054.tiff,0.3,0.6,0.6,1.0
1055.tiff,0.0,0.5,0.6,0.9
1056.tiff,0.6,0.4,0.6,0.8
1057.tiff,0.0,0.5,0.6,0.8
1059.tiff,0.0,0.6,0.5,1.0
1060.tiff,0.0,0.5,0.4,0.6
1061.tiff,0.0,0.6,0.5,0.7
1062.tiff,0.0,0.6,0.5,0.8
1063.tiff,0.0,0.6,0.5,0.8
1064.tiff,0.0,0.6,0.5,0.6
1066.tiff,0.0,0.7,0.5,0.8
1067.tiff,0.0,0.7,0.5,0.8
1068.tiff,0.0,0.6,0.5,0.6
1069.tiff,0.0,0.6,0.5,0.6
1070.tiff,0.0,0.3,0.5,0.6
1071.tiff,0.0,0.4,0.5,0.7
1072.tiff,0.0,0.4,0.5,0.7
1074.tiff,0.0,0.4,0.5,0.7
1075.tiff,0.0,0.4,0.5,0.7
1078.tiff,0.0,0.4,0.5,0.6
1079.tiff,0.0,0.4,0.5,0.8
1080.tiff,0.0,0.5,0.4,0.9
1081.tiff,0.0,0.5,0.5,0.8
1082.tiff,0.0,0.4,0.5,0.8
1083.tiff,0.0,0.5,0.4,0.9
1084.tiff,0.0,0.4,0.5,0.8
1085.tiff,0.0,0.5,0.5,0.9
1086.tiff,0.0,0.5,0.5,0.8
1088.tiff,0.0,0.5,0.5,1.0
1089.tiff,0.0,0.5,0.6,0.6
1090.tiff,0.0,0.5,0.5,1.0
1091.tiff,0.0,0.5,0.7,1.0
1092.tiff,0.0,0.5,0.6,1.0
1093.tiff,0.0,0.5,0.6,1.0
1094.tiff,0.0,0.5,0.6,1.0
1095.tiff,0.0,0.4,0.6,0.7
1096.tiff,0.0,0.5,0.6,1.0
1098.tiff,0.0,0.6,0.6,1.0
1099.tiff,0.0,0.5,0.7,0.4
1100.tiff,0.0,0.6,0.5,0.4
1101.tiff,0.0,0.5,0.6,1.0
1102.tiff,0.0,0.6,0.7,0.5
1103.tiff,0.0,0.5,0.7,0.5
1104.tiff,0.0,0.6,0.5,0.7
1105.tiff,0.0,0.6,0.7,1.0
1106.tiff,0.0,0.6,0.7,1.0
1107.tiff,0.0,0.6,0.8,1.0
1108.tiff,0.0,0.5,0.7,1.0
1109.tiff,0.0,0.5,0.7,1.0
1110.tiff,0.0,0.4,0.8,1.0
1111.tiff,0.0,0.4,0.8,1.0
1112.tiff,0.0,0.4,0.8,1.0
1113.tiff,0.0,0.4,0.8,1.0
1114.tiff,0.0,0.4,0.6,1.0
1115.tiff,0.0,0.4,0.6,1.0
1116.tiff,0.0,0.4,0.6,1.0
1117.tiff,0.0,0.6,0.4,1.0
1118.tiff,0.0,0.4,0.6,1.0
1119.tiff,0.0,0.4,0.6,0.8
1120.tiff,0.0,0.4,0.6,1.0
1121.tiff,0.0,0.4,0.6,1.0
1135.tiff,0.0,0.6,0.9,0.6
1136.tiff,0.0,0.6,1.0,0.6
1137.tiff,0.0,0.5,0.6,0.5
1138.tiff,0.0,0.5,0.6,0.5
1139.tiff,0.0,0.5,0.8,0.5
1140.tiff,0.0,0.5,0.8,0.5
1141.tiff,0.0,0.5,0.7,0.5
1142.tiff,0.0,0.5,0.8,0.5
1143.tiff,0.0,0.5,0.9,0.5
1144.tiff,0.0,0.7,0.8,0.7
1145.tiff,0.0,0.5,0.7,1.0
1146.tiff,0.0,0.4,0.6,1.0
1147.tiff,0.0,0.4,0.5,1.0
1148.tiff,0.0,0.4,0.6,0.8
1149.tiff,0.0,0.3,0.6,0.8
1150.tiff,0.0,0.5,0.4,0.8
1151.tiff,0.0,0.4,0.6,0.8
1159.tiff,0.0,0.4,0.6,0.6
1160.tiff,0.0,0.4,0.6,0.6
1161.tiff,0.0,0.4,0.6,0.6
1162.tiff,0.0,0.4,0.7,0.5
1163.tiff,0.0,0.3,0.6,0.8
1164.tiff,0.0,0.3,0.6,0.9
1273.tiff,0.5,0.7,0.6,0.3
1274.tiff,0.7,0.4,0.5,0.6
1275.tiff,0.9,0.6,0.4,0.8
1276.tiff,0.2,0.8,0.4,0.6
1277.tiff,0.7,0.5,0.3,0.4
1278.tiff,0.7,0.5,0.2,0.5
1279.tiff,0.7,0.6,0.4,0.8
1280.tiff,0.7,0.3,0.5,0.6
1281.tiff,0.3,0.7,0.9,0.5
1282.tiff,0.5,0.4,0.8,0.3
1283.tiff,0.8,0.5,0.7,0.4
1284.tiff,0.8,0.4,0.6,0.7
1285.tiff,0.6,0.3,0.5,0.8
1286.tiff,0.6,0.3,0.4,0.5
1287.tiff,0.8,0.5,0.9,0.3
1288.tiff,0.9,0.4,0.9,0.6
1289.tiff,0.0,0.0,0.0,0.0
1290.tiff,0.9,0.9,0.8,0.9
1291.tiff,0.6,0.5,0.7,0.6
1292.tiff,0.7,0.6,0.6,0.7
1293.tiff,0.6,0.5,0.7,0.8
1294.tiff,0.6,0.5,0.5,0.2
1295.tiff,0.5,0.7,0.6,0.4
1296.tiff,0.8,0.5,0.6,0.7
1297.tiff,0.4,0.5,0.6,0.3
1298.tiff,0.9,0.2,0.2,0.2
1299.tiff,0.5,0.6,0.7,0.8
1300.tiff,0.4,0.8,0.6,0.2
1301.tiff,0.2,0.5,0.6,0.7
1302.tiff,0.8,0.3,0.4,0.6
1303.tiff,0.2,0.5,0.5,0.9
1304.tiff,0.6,0.5,0.8,0.8
1305.tiff,0.8,0.7,0.9,0.8
1306.tiff,0.8,0.9,0.8,0.6
1307.tiff,0.7,0.5,0.6,0.8
1308.tiff,0.7,0.4,0.6,0.8
1309.tiff,0.5,0.8,0.6,0.4
1310.tiff,0.5,0.7,0.5,0.3
1311.tiff,0.8,0.5,0.6,0.4
1312.tiff,0.7,0.4,0.6,0.5
1313.tiff,0.3,0.5,0.7,0.8
1314.tiff,0.3,0.8,0.4,0.6
1315.tiff,0.3,0.6,0.7,0.8
1316.tiff,0.3,0.5,0.7,0.6
1317.tiff,0.6,0.5,0.6,0.7
1318.tiff,0.8,0.6,0.7,0.9
1319.tiff,0.5,0.6,0.7,0.4
1320.tiff,0.7,0.4,0.5,0.7
1321.tiff,0.8,0.5,0.6,0.7
1322.tiff,0.8,0.6,0.7,0.5
1323.tiff,0.4,0.5,0.7,0.8
1324.tiff,0.8,0.5,0.6,0.7
1325.tiff,0.5,0.7,0.9,0.5
1326.tiff,0.6,0.5,0.8,0.7
1327.tiff,0.7,0.3,0.5,0.6
1328.tiff,0.7,0.5,0.6,0.3
1329.tiff,0.8,0.5,0.5,0.5
1330.tiff,0.6,0.5,0.6,0.6
1331.tiff,0.7,0.8,0.6,0.4
1332.tiff,0.7,0.6,0.5,0.4
1333.tiff,0.8,0.4,0.3,0.6
1334.tiff,1.0,0.7,0.5,0.8
1335.tiff,0.4,0.7,1.0,0.5
1336.tiff,0.2,0.6,0.4,1.0
1337.tiff,0.8,1.0,1.0,0.4
1338.tiff,0.9,0.8,0.4,0.6
1339.tiff,0.9,0.8,0.9,0.6
1340.tiff,0.7,0.9,0.5,0.8
1341.tiff,0.9,0.8,0.7,0.5
1342.tiff,0.8,0.6,0.5,0.7
1343.tiff,0.8,1.0,0.6,0.5
1344.tiff,0.9,0.8,0.5,0.6
1345.tiff,0.9,0.7,0.5,0.4
1346.tiff,0.9,0.5,0.4,0.7
1347.tiff,0.9,0.4,0.5,0.7
1348.tiff,0.7,0.4,0.6,0.3
1349.tiff,0.9,0.5,0.7,0.8
1350.tiff,0.8,0.3,0.5,0.7
1351.tiff,0.5,0.6,0.4,0.8
1352.tiff,0.7,0.9,0.6,0.7
1353.tiff,0.6,0.6,0.9,0.8
1354.tiff,0.9,0.7,0.3,0.6
1355.tiff,0.9,0.3,0.4,0.6
1356.tiff,0.3,0.6,0.7,0.8
1357.tiff,0.5,0.7,0.6,0.8
1358.tiff,0.6,0.5,0.4,0.8
1359.tiff,0.5,0.5,0.9,0.8
1360.tiff,0.9,0.6,0.7,0.3
1361.tiff,0.9,0.7,0.5,0.3
1362.tiff,0.5,0.4,0.6,0.4
1363.tiff,0.6,0.4,0.7,0.5
1364.tiff,0.8,0.6,0.3,0.5
1365.tiff,0.5,0.5,0.5,0.3
1366.tiff,0.5,0.7,0.8,0.5
1367.tiff,0.6,0.7,0.7,0.4
1368.tiff,0.8,0.8,0.6,0.6
1369.tiff,0.3,0.4,0.5,0.2
1370.tiff,0.5,0.6,0.6,0.8
1371.tiff,0.7,0.6,0.8,0.3
1372.tiff,0.9,0.8,0.6,0.5
1373.tiff,0.4,0.5,0.3,0.8
1374.tiff,0.6,0.7,0.9,0.5
1375.tiff,0.8,0.5,0.6,0.9
1376.tiff,0.7,0.9,0.6,0.4
1377.tiff,0.4,0.5,0.5,0.4
1378.tiff,0.6,0.5,0.5,0.5
1379.tiff,0.6,0.7,0.6,0.5
1380.tiff,0.5,0.7,0.8,0.4
1381.tiff,0.6,0.5,0.7,0.6
1382.tiff,0.5,0.6,0.7,0.7
1383.tiff,0.6,0.5,0.6,0.5
1384.tiff,0.9,0.4,0.7,0.6
1385.tiff,0.6,0.5,0.6,0.7
1386.tiff,0.9,0.7,0.5,0.8
1387.tiff,0.9,0.7,0.8,0.6
1388.tiff,0.3,0.5,0.6,0.6
1389.tiff,0.7,0.5,0.4,0.6
1390.tiff,0.3,0.6,0.4,0.5
1391.tiff,0.9,0.5,0.7,0.8
1392.tiff,0.6,0.7,0.4,0.5
1393.tiff,0.9,0.5,0.6,0.3
1394.tiff,0.7,0.6,0.4,0.6
1395.tiff,0.4,0.6,0.9,0.5
1396.tiff,0.5,0.6,0.4,0.7
1397.tiff,0.5,0.7,0.4,0.8
1398.tiff,0.6,0.5,0.8,0.7
1399.tiff,0.3,0.2,0.6,0.4
1400.tiff,0.6,0.7,0.9,0.4
1401.tiff,0.9,0.7,0.6,0.7
1402.tiff,0.3,0.6,0.5,0.7
1403.tiff,0.3,0.6,0.5,0.8
1404.tiff,0.9,0.7,0.5,0.3
1405.tiff,0.4,0.5,0.3,0.4
1406.tiff,0.7,0.7,0.8,0.8
1407.tiff,0.4,0.7,0.4,0.5
1408.tiff,0.0,0.0,0.0,0.0
1409.tiff,0.6,0.8,0.5,0.6
1410.tiff,0.3,0.4,0.5,0.6
1411.tiff,0.5,0.8,0.5,0.7
1412.tiff,0.8,0.6,0.8,0.6
1413.tiff,0.8,0.7,0.5,0.9
1414.tiff,0.8,0.7,0.4,0.9
1415.tiff,0.5,0.3,0.6,0.4
1416.tiff,0.7,0.7,0.7,0.8
1417.tiff,0.7,0.5,0.5,0.7
1418.tiff,0.8,0.6,0.5,0.6
1419.tiff,0.7,0.6,0.7,0.8
1420.tiff,0.9,0.3,0.7,0.6
1421.tiff,0.6,0.7,0.8,0.5
1422.tiff,0.7,0.6,0.8,0.6
1423.tiff,0.4,0.5,0.6,0.6
1424.tiff,0.7,0.6,0.6,0.7
1425.tiff,0.7,0.6,0.8,0.8
1426.tiff,0.9,0.6,0.7,0.7
1427.tiff,0.8,0.5,0.3,0.7
1428.tiff,0.9,0.6,0.6,0.7
1429.tiff,0.8,0.4,0.6,0.3
1430.tiff,0.4,0.4,0.7,0.8
1431.tiff,0.3,0.6,0.4,0.5
1432.tiff,0.9,0.8,0.5,0.6
1433.tiff,0.4,0.5,0.5,0.5
1434.tiff,0.0,0.0,0.0,0.0
1435.tiff,0.0,0.0,0.0,0.0
1436.tiff,0.5,0.7,0.5,0.5
1437.tiff,0.5,0.6,0.3,0.8
1438.tiff,0.2,0.6,0.7,0.5
1439.tiff,0.3,0.5,0.6,0.5
1440.tiff,0.8,0.5,0.3,0.7
1441.tiff,0.2,0.3,0.5,0.5
1442.tiff,0.4,0.5,0.6,0.3
1443.tiff,0.7,0.4,0.6,0.7
1444.tiff,0.7,0.5,0.3,0.6
1445.tiff,0.5,0.6,0.4,0.5
1446.tiff,0.6,0.5,0.6,0.4
1447.tiff,0.5,0.5,0.6,0.4
1448.tiff,0.6,0.5,0.7,0.4
1449.tiff,0.7,0.5,0.5,0.4
1450.tiff,0.5,0.6,0.4,0.7
1451.tiff,0.7,0.5,0.5,0.8
1452.tiff,0.7,0.7,0.6,0.3
1453.tiff,0.4,0.5,0.7,0.6
1454.tiff,0.5,0.7,0.8,0.5
1455.tiff,0.2,0.4,0.4,0.7
1456.tiff,0.3,0.7,0.5,0.6
1457.tiff,0.2,0.6,0.5,0.7
1458.tiff,0.7,0.5,0.4,0.7
1459.tiff,0.7,0.9,0.8,0.9
1460.tiff,0.7,0.8,0.7,0.6
1461.tiff,0.5,0.8,0.6,0.5
1462.tiff,0.7,0.6,0.8,0.4
1463.tiff,0.4,0.8,0.6,0.5
1464.tiff,0.8,0.5,1.0,0.9
1465.tiff,0.4,0.7,0.4,0.6
1466.tiff,0.6,0.7,0.7,0.8
1467.tiff,0.6,0.7,0.6,0.5
1468.tiff,0.7,0.9,0.6,0.8
1469.tiff,0.6,0.9,0.8,0.4
1470.tiff,1.0,0.8,0.6,0.8
1471.tiff,0.8,0.5,0.2,0.5
1472.tiff,0.7,0.6,0.5,0.7
1473.tiff,0.4,0.5,0.7,1.0
1474.tiff,0.6,0.9,0.7,0.5
1475.tiff,0.5,0.7,0.5,0.8
1476.tiff,0.6,0.7,0.4,0.6
1477.tiff,0.6,0.7,0.3,0.5
1478.tiff,0.7,0.8,0.5,0.9
1479.tiff,0.7,0.8,0.5,0.6
1480.tiff,0.9,0.6,0.7,0.4
1481.tiff,0.9,0.6,0.4,0.7
1482.tiff,0.5,0.7,0.9,0.3
1483.tiff,1.0,0.4,0.6,0.5
1484.tiff,0.5,0.4,0.8,0.7
1485.tiff,0.6,0.7,0.5,0.9
1486.tiff,0.7,0.9,0.5,0.3
1487.tiff,0.6,0.4,0.7,0.8
1488.tiff,0.7,0.8,0.5,0.6
1489.tiff,0.9,0.6,0.7,0.4
1490.tiff,0.8,0.5,0.6,0.7
1491.tiff,0.8,0.6,0.3,0.5
1492.tiff,0.7,0.4,0.6,0.5
1493.tiff,0.5,0.4,0.7,0.9
1494.tiff,0.7,0.4,0.8,0.5
1495.tiff,0.5,0.5,0.5,0.4
1496.tiff,0.7,0.3,0.5,0.5
1497.tiff,0.2,0.3,0.5,0.3
1498.tiff,0.8,0.1,0.6,0.3
1499.tiff,0.4,0.5,0.7,0.8
1500.tiff,0.4,0.6,0.7,0.7
1501.tiff,0.6,0.6,0.8,0.5
1502.tiff,0.5,0.9,0.7,0.4
1503.tiff,0.6,0.3,0.5,0.5
1504.tiff,0.9,0.5,0.6,0.2
1505.tiff,0.7,0.7,0.7,0.4
1506.tiff,0.5,0.5,0.5,0.5
1507.tiff,0.6,0.8,0.4,0.3
1508.tiff,0.8,0.5,0.3,0.6
1509.tiff,0.2,0.6,0.8,0.4
1510.tiff,1.0,0.9,0.8,0.4
1511.tiff,0.6,0.7,0.3,0.5
1512.tiff,0.8,0.7,0.3,0.6
1513.tiff,0.8,0.3,0.5,0.7
1514.tiff,0.9,0.5,0.6,0.4
1515.tiff,0.6,0.5,0.3,0.6
1516.tiff,0.8,0.6,0.4,0.8
1517.tiff,0.3,0.4,0.7,0.8
1518.tiff,0.6,0.3,0.7,0.5
1519.tiff,0.8,0.7,0.4,0.5
1520.tiff,0.8,0.3,0.6,0.4
1521.tiff,0.5,0.7,0.8,0.6
1522.tiff,0.8,0.5,0.6,0.3
1523.tiff,0.4,0.4,0.4,0.5
1524.tiff,0.0,0.0,0.0,0.0
1525.tiff,0.8,0.6,0.5,0.7
1526.tiff,1.0,0.9,0.8,0.5
1527.tiff,1.0,1.0,1.0,1.0
1528.tiff,0.7,0.4,0.5,0.3
1529.tiff,0.8,0.3,0.5,0.6
1530.tiff,0.2,0.7,0.9,0.2
1531.tiff,0.9,0.9,0.4,0.3
1532.tiff,0.2,0.4,1.0,0.7
1533.tiff,1.0,0.2,1.0,0.5
1534.tiff,1.0,0.7,0.9,0.2
1535.tiff,0.3,0.7,0.5,0.4
1536.tiff,0.5,0.3,0.7,0.8
1537.tiff,0.3,0.7,0.5,0.6
1538.tiff,0.6,0.3,0.7,0.9
1539.tiff,0.8,0.5,0.3,0.6
1540.tiff,0.7,0.5,0.4,0.6
1541.tiff,0.8,0.6,0.7,0.6
1542.tiff,0.9,0.8,0.8,0.8
1543.tiff,0.8,0.2,0.7,0.4
1544.tiff,0.6,0.6,0.4,0.8
1545.tiff,0.6,0.4,0.5,0.9
1546.tiff,0.5,0.5,0.8,0.7
1547.tiff,0.5,0.8,0.7,0.9
1548.tiff,0.4,0.7,0.6,0.9
1549.tiff,0.3,0.6,0.5,0.7
1550.tiff,0.2,0.6,0.7,0.4
1551.tiff,0.7,0.4,0.3,0.5
1552.tiff,0.4,0.5,0.3,0.7
1553.tiff,0.2,0.5,0.4,0.7
1554.tiff,0.6,0.4,0.8,0.3
1555.tiff,0.5,0.6,0.2,0.8
1557.tiff,0.8,0.4,0.8,0.9
1558.tiff,0.8,0.4,0.8,1.0
1559.tiff,0.8,0.5,0.8,0.9
1560.tiff,0.8,0.5,0.8,0.9
1561.tiff,0.8,0.5,0.8,0.9
1562.tiff,0.8,0.6,0.8,0.9
1563.tiff,0.8,0.6,0.8,0.9
1564.tiff,0.7,0.5,0.8,0.9
1565.tiff,0.7,0.5,0.8,0.9
1566.tiff,0.9,0.8,0.8,0.9
1568.tiff,0.9,0.8,0.7,0.9
1569.tiff,0.9,0.5,0.7,0.9
1570.tiff,0.7,0.5,0.6,0.9
1571.tiff,0.7,0.5,0.7,0.9
1572.tiff,0.7,0.5,0.7,0.9
1573.tiff,0.8,0.5,0.7,0.9
1574.tiff,0.6,0.5,0.7,0.9
1575.tiff,0.9,0.5,0.7,0.9
1576.tiff,0.6,0.7,0.7,1.0
1577.tiff,0.5,0.7,0.8,0.9
1578.tiff,0.4,0.7,0.8,1.0
1579.tiff,0.4,0.5,0.7,0.9
1580.tiff,0.5,0.7,0.9,1.0
1581.tiff,0.5,0.7,0.9,1.0
1582.tiff,0.6,0.8,0.9,1.0
1583.tiff,0.5,0.7,0.9,1.0
1584.tiff,0.5,0.7,0.9,1.0
1585.tiff,0.5,0.7,0.9,1.0
1586.tiff,0.7,0.8,0.8,1.0
1587.tiff,0.7,0.8,0.8,1.0
1588.tiff,0.7,0.8,0.8,1.0
1589.tiff,0.7,0.8,0.8,1.0
1590.tiff,0.7,0.8,0.8,1.0
1591.tiff,0.7,0.8,0.8,1.0
1592.tiff,0.7,0.8,0.8,1.0
1593.tiff,0.7,0.8,0.8,1.0
1594.tiff,0.7,0.8,0.8,1.0
1595.tiff,0.7,0.8,0.8,1.0
1596.tiff,0.3,0.5,0.8,0.5
1597.tiff,0.4,0.5,0.8,0.5
1598.tiff,0.4,0.5,0.8,0.5
1599.tiff,0.4,0.5,0.8,0.5
1600.tiff,0.4,0.5,0.8,0.5
1601.tiff,0.4,0.5,0.8,0.5
1602.tiff,0.4,0.5,0.8,0.5
1603.tiff,0.4,0.5,0.8,0.5
1604.tiff,0.4,0.5,0.8,0.5
1605.tiff,0.4,0.5,0.8,0.5
1606.tiff,0.7,0.7,1.0,0.7
1607.tiff,0.7,0.7,1.0,0.7
1608.tiff,0.7,0.7,1.0,0.7
1609.tiff,0.7,0.7,1.0,0.7
1610.tiff,0.7,0.7,1.0,0.7
1611.tiff,0.7,0.7,1.0,0.7
1612.tiff,0.7,0.7,1.0,0.7
1613.tiff,0.7,0.7,1.0,0.7
1614.tiff,0.7,0.7,1.0,0.7
1615.tiff,0.7,0.7,1.0,0.7
1616.tiff,0.4,0.3,0.5,0.2
1617.tiff,0.4,0.3,0.5,0.2
1618.tiff,0.4,0.3,0.5,0.2
1619.tiff,0.4,0.3,0.5,0.2
1620.tiff,0.4,0.3,0.5,0.2
1621.tiff,0.4,0.3,0.5,0.2
1622.tiff,0.4,0.3,0.5,0.2
1623.tiff,0.3,0.3,0.6,0.8
1624.tiff,0.3,0.3,0.6,0.8
1625.tiff,0.3,0.3,0.6,0.8
1626.tiff,0.3,0.3,0.6,0.8
1627.tiff,0.3,0.3,0.6,0.8
1628.tiff,0.3,0.3,0.8,0.8
1629.tiff,0.3,0.3,0.8,0.8
1630.tiff,0.3,0.3,0.8,0.8
1631.tiff,0.3,0.3,0.8,0.8
1632.tiff,0.3,0.3,0.8,0.8
1634.tiff,0.3,0.3,0.6,0.8
1635.tiff,0.3,0.4,0.6,0.8
1636.tiff,0.7,0.6,0.9,1.0
1637.tiff,1.0,0.6,0.8,1.0
1638.tiff,0.4,0.6,0.8,1.0
1639.tiff,1.0,0.6,0.8,1.0
1640.tiff,1.0,0.6,0.8,1.0
1641.tiff,0.9,0.6,0.8,1.0
1642.tiff,1.0,0.6,0.8,1.0
1643.tiff,1.0,0.6,0.8,1.0
1644.tiff,0.6,0.4,0.8,1.0
1645.tiff,0.3,0.6,0.8,1.0
1646.tiff,0.3,0.4,0.8,1.0
1647.tiff,0.9,0.4,0.7,0.8
1650.tiff,0.8,0.4,0.8,0.4
1651.tiff,0.8,0.4,0.8,0.9
1652.tiff,0.8,0.4,0.8,0.7
1655.tiff,0.7,0.4,0.8,1.0
1656.tiff,0.7,0.4,0.8,1.0
1657.tiff,0.7,0.4,0.8,1.0
1658.tiff,0.7,0.4,0.8,1.0
1659.tiff,0.7,0.4,0.8,1.0
1660.tiff,0.7,0.4,0.8,1.0
1661.tiff,0.7,0.4,0.8,1.0
1662.tiff,0.7,0.4,0.8,1.0
1663.tiff,0.7,0.4,0.8,1.0
1664.tiff,0.7,0.4,0.8,1.0
1665.tiff,0.6,0.7,0.9,0.8
1666.tiff,0.6,0.7,0.9,0.8
1667.tiff,0.6,0.7,0.9,0.8
1668.tiff,0.6,0.7,0.9,0.8
1669.tiff,0.5,0.7,0.9,0.8
1670.tiff,0.6,0.7,0.9,0.8
1671.tiff,0.5,0.7,0.8,1.0
1672.tiff,0.5,0.7,0.8,1.0
1673.tiff,0.5,0.7,0.8,1.0
1674.tiff,0.5,0.7,0.8,1.0
1675.tiff,0.6,0.6,0.8,0.6
1676.tiff,0.5,0.5,0.7,0.6
1677.tiff,0.5,0.5,0.7,0.6
1678.tiff,0.5,0.5,0.7,0.6
1679.tiff,0.5,0.5,0.7,0.6
1680.tiff,0.5,0.5,0.7,0.6
1681.tiff,0.5,0.5,0.7,0.6
1682.tiff,0.5,0.5,0.7,0.6
1683.tiff,0.5,0.5,0.7,0.6
1684.tiff,0.5,0.5,0.7,0.6
1686.tiff,0.6,0.6,0.8,1.0
1688.tiff,0.7,0.6,0.8,0.8
1689.tiff,0.6,0.7,0.7,0.7
1690.tiff,0.6,0.7,0.7,0.7
1691.tiff,0.7,0.6,0.7,0.7
1692.tiff,0.7,0.6,0.7,0.7
1693.tiff,0.7,0.6,0.7,0.7
1694.tiff,0.7,0.6,0.7,0.7
1695.tiff,0.7,0.6,0.7,0.7
1696.tiff,0.7,0.6,0.7,0.7
1697.tiff,0.7,0.6,0.7,0.7
1698.tiff,0.4,0.4,0.6,0.9
1699.tiff,0.4,0.4,0.6,0.9
1700.tiff,0.4,0.4,0.6,0.9
1701.tiff,0.4,0.4,0.6,0.9
1702.tiff,0.4,0.4,0.6,0.9
1703.tiff,0.4,0.4,0.6,0.9
1704.tiff,0.4,0.5,0.6,0.9
1705.tiff,0.4,0.5,0.6,0.9
1706.tiff,0.4,0.5,0.6,0.9
1707.tiff,0.4,0.5,0.6,0.9
1708.tiff,0.6,0.4,0.7,0.6
1709.tiff,0.7,0.4,0.7,0.5
1711.tiff,0.7,0.8,0.7,0.4
1712.tiff,0.6,0.4,0.7,0.4
1713.tiff,0.6,0.4,0.7,0.5
1714.tiff,0.7,0.4,0.7,0.4
1715.tiff,0.6,0.4,0.7,0.7
1717.tiff,0.6,0.4,0.7,0.6
1718.tiff,0.4,0.4,0.7,0.7
1719.tiff,0.4,0.4,0.7,0.7
1720.tiff,0.4,0.4,0.7,0.7
1721.tiff,0.4,0.4,0.7,0.7
1722.tiff,0.4,0.4,0.7,0.7
1723.tiff,0.4,0.4,0.7,0.7
1724.tiff,0.4,0.4,0.6,0.5
1725.tiff,0.4,0.4,0.7,0.5
1726.tiff,0.6,0.7,0.7,0.8
1727.tiff,0.6,0.7,0.7,0.8
1728.tiff,0.9,0.8,0.8,0.9
1729.tiff,0.9,0.7,0.7,0.9
1730.tiff,1.0,0.7,0.7,1.0
1731.tiff,1.0,0.8,0.8,1.0
1732.tiff,1.0,0.8,0.8,1.0
1733.tiff,1.0,0.8,0.8,1.0
1734.tiff,1.0,0.4,0.7,1.0
1735.tiff,1.0,0.4,0.7,1.0
1736.tiff,0.7,0.5,0.7,1.0
1737.tiff,0.7,0.5,0.7,1.0
1738.tiff,0.6,0.4,0.8,1.0
1739.tiff,0.6,0.4,0.8,1.0
1740.tiff,0.9,0.5,0.8,0.7
1742.tiff,0.9,0.5,0.9,0.7
1743.tiff,0.9,0.5,0.9,1.0
1744.tiff,0.9,0.5,0.9,1.0
1745.tiff,0.9,0.5,0.9,1.0
1746.tiff,0.9,0.5,0.9,1.0
1747.tiff,0.9,0.5,0.9,1.0
1748.tiff,0.9,0.5,0.9,1.0
1749.tiff,0.9,0.5,1.0,0.8
1750.tiff,0.7,0.6,0.8,0.8
1751.tiff,0.9,0.6,0.8,0.8
1752.tiff,0.9,0.6,0.8,0.8
1753.tiff,0.9,0.7,0.9,0.9
1754.tiff,0.7,0.6,0.9,0.9
1755.tiff,0.8,0.6,0.9,0.9
1756.tiff,0.7,0.7,0.8,0.8
1757.tiff,0.8,0.7,0.8,0.8
1758.tiff,0.8,0.7,0.8,0.8
1759.tiff,0.8,0.7,0.8,0.8
1760.tiff,0.8,0.7,0.8,0.8
1761.tiff,0.8,0.7,0.8,0.8
1762.tiff,0.8,0.6,0.8,0.9
1763.tiff,0.7,0.6,0.8,0.8
1764.tiff,0.7,0.6,0.8,0.8
1765.tiff,0.7,0.6,0.8,0.8
1766.tiff,0.7,0.6,0.8,0.8
1767.tiff,0.7,0.6,0.8,0.9
1768.tiff,0.7,0.6,0.8,0.8
1769.tiff,0.8,0.6,0.8,0.8
1770.tiff,0.8,0.6,0.8,0.8
1771.tiff,0.8,0.6,0.8,0.8
1772.tiff,0.8,0.5,0.8,1.0
1773.tiff,0.8,0.6,0.8,1.0
1774.tiff,0.8,0.6,0.8,1.0
1775.tiff,0.8,0.6,0.8,1.0
1776.tiff,0.5,0.6,0.8,1.0
1777.tiff,0.5,0.6,0.8,1.0
1778.tiff,0.5,0.6,0.8,1.0
1779.tiff,0.5,0.6,0.8,1.0
1780.tiff,0.5,0.6,0.8,1.0
1781.tiff,0.7,0.6,0.8,1.0
1782.tiff,0.4,0.6,0.8,1.0
1783.tiff,0.4,0.6,0.8,1.0
1784.tiff,0.4,0.6,0.8,1.0
1785.tiff,0.4,0.4,0.7,0.9
1786.tiff,0.4,0.5,0.7,0.9
1787.tiff,0.4,0.5,0.8,1.0
1788.tiff,0.4,0.5,0.7,0.9
1789.tiff,0.4,0.6,0.7,0.9
1790.tiff,0.4,0.6,0.7,0.9
1791.tiff,0.4,0.6,0.7,0.9
1792.tiff,0.2,0.5,0.8,0.9
1793.tiff,0.8,0.6,0.9,1.0
1794.tiff,0.6,0.7,0.9,0.9
1795.tiff,0.6,0.7,0.9,0.9
1796.tiff,0.6,0.7,0.9,0.9
1797.tiff,0.6,0.7,0.9,0.9
1798.tiff,0.7,0.5,0.9,1.0
1799.tiff,0.7,0.5,0.9,1.0
1800.tiff,0.7,0.6,0.9,1.0
1801.tiff,0.8,0.7,0.9,1.0
1802.tiff,0.8,0.7,0.9,1.0
1803.tiff,0.7,0.8,0.9,0.9
1804.tiff,0.7,0.8,0.9,0.9
1805.tiff,0.7,0.8,0.9,0.9
1806.tiff,0.7,0.8,0.8,0.9
1807.tiff,0.7,0.8,0.8,0.9
1811.tiff,0.7,0.8,0.8,1.0
1813.tiff,0.7,0.8,0.8,1.0
1814.tiff,0.7,0.8,0.8,1.0
1815.tiff,0.9,0.7,0.9,0.9
1816.tiff,1.0,0.4,0.9,1.0
1817.tiff,1.0,0.4,0.9,1.0
1819.tiff,0.7,0.4,0.9,1.0
1820.tiff,0.7,0.4,0.9,1.0
1826.tiff,1.0,1.0,1.0,1.0
1827.tiff,1.0,0.7,1.0,1.0
1828.tiff,1.0,0.7,1.0,1.0
1829.tiff,0.9,0.6,0.9,0.9
1830.tiff,0.9,0.6,0.9,0.9
1831.tiff,0.8,0.8,0.5,0.9
1832.tiff,0.8,0.8,0.5,0.9
1833.tiff,0.8,0.8,0.5,0.9
1834.tiff,0.8,0.8,0.5,0.9
1835.tiff,0.8,0.8,0.5,0.9
1836.tiff,0.6,0.5,0.8,0.9
1837.tiff,0.6,0.5,0.8,0.9
1838.tiff,0.6,0.5,0.8,0.9
1839.tiff,0.6,0.5,0.8,0.9
1840.tiff,0.6,0.5,0.8,0.9
1841.tiff,0.7,0.6,0.8,0.9
1842.tiff,0.7,0.6,0.8,0.9
1843.tiff,0.6,0.6,0.8,0.9
1844.tiff,0.5,0.5,0.8,0.9
1845.tiff,0.5,0.5,0.8,0.9
1846.tiff,0.5,0.1,0.8,1.0
1847.tiff,0.5,0.0,0.8,0.9
1848.tiff,0.5,0.0,0.8,0.9
1849.tiff,0.7,0.0,0.7,0.3
1850.tiff,0.7,0.0,0.7,0.3
1851.tiff,0.7,0.0,0.7,0.3
1852.tiff,0.7,0.0,0.7,0.3
1853.tiff,0.7,0.0,0.7,0.3
1854.tiff,0.7,0.0,0.7,0.3
1855.tiff,0.7,0.0,0.7,0.3
1856.tiff,0.7,0.0,0.7,0.3
1857.tiff,0.7,0.0,0.7,0.3
1858.tiff,0.9,0.0,0.7,0.5
1859.tiff,0.9,0.0,0.7,0.5
1860.tiff,0.9,0.0,0.7,0.5
1861.tiff,0.8,0.0,0.7,0.9
1862.tiff,0.8,0.0,0.7,0.5
1863.tiff,0.8,0.0,0.7,0.5
1864.tiff,0.8,0.0,0.7,0.5
1865.tiff,0.8,0.0,0.8,0.5
1866.tiff,0.8,0.0,0.8,0.5
1867.tiff,0.9,0.0,0.9,0.8
1868.tiff,0.9,0.0,0.9,0.8
1869.tiff,0.9,0.0,0.9,0.8
1870.tiff,0.9,0.0,0.9,0.9
1871.tiff,0.9,0.0,0.9,0.8
1872.tiff,0.9,0.0,0.9,0.9
1873.tiff,0.9,0.0,0.9,0.9
1874.tiff,0.9,0.0,0.9,1.0
1875.tiff,0.9,0.0,0.9,1.0
1876.tiff,0.9,0.0,0.9,1.0
1878.tiff,0.7,0.0,0.8,0.7
1879.tiff,0.7,0.0,0.8,0.7
1880.tiff,0.7,0.0,0.8,0.7
1881.tiff,0.9,0.0,0.7,0.4
1882.tiff,0.9,0.0,0.8,0.2
1883.tiff,0.9,0.0,0.8,0.3
1884.tiff,0.7,0.0,0.6,0.3
1885.tiff,0.7,0.0,0.8,0.3
1886.tiff,0.7,0.0,0.8,0.3
1887.tiff,0.7,0.0,0.8,0.3
1888.tiff,0.7,0.0,0.8,0.3
1889.tiff,0.7,0.0,0.8,0.3
1890.tiff,0.7,0.0,0.8,0.3
1891.tiff,0.9,0.0,0.8,0.8
1892.tiff,0.9,0.0,0.8,0.8
1893.tiff,0.9,0.0,0.8,0.8
1894.tiff,0.9,0.0,0.8,0.8
1895.tiff,0.9,0.0,0.8,0.9
1896.tiff,0.9,0.0,0.8,0.9
1897.tiff,0.9,0.0,0.8,0.9
1898.tiff,0.9,0.0,0.8,0.9
1899.tiff,0.9,0.0,0.8,0.9
1900.tiff,0.9,0.0,0.8,0.9
1901.tiff,0.6,0.0,1.0,0.7
1902.tiff,0.6,0.0,1.0,0.9
1903.tiff,0.6,0.0,1.0,0.9
1904.tiff,0.6,0.0,1.0,0.9
1905.tiff,0.6,0.0,1.0,0.9
1906.tiff,0.6,0.0,1.0,0.9
1907.tiff,0.6,0.0,0.8,0.9
1908.tiff,0.6,0.0,0.8,0.9
1909.tiff,0.6,0.0,0.8,0.9
1910.tiff,0.6,0.0,0.8,0.9
1911.tiff,0.8,0.0,0.8,0.9
1912.tiff,0.8,0.0,0.8,0.9
1913.tiff,0.8,0.0,0.7,0.9
1914.tiff,0.8,0.0,0.7,0.9
1915.tiff,0.9,0.0,0.7,0.9
1916.tiff,0.9,0.0,0.7,0.9
1917.tiff,0.9,0.0,0.7,0.9
1918.tiff,0.9,0.0,0.7,0.9
1919.tiff,0.9,0.0,0.7,0.9
1920.tiff,0.7,0.0,0.8,0.9
1921.tiff,0.4,0.0,0.8,0.7
1922.tiff,0.4,0.0,0.8,0.7
1923.tiff,0.4,0.0,0.8,0.7
1924.tiff,0.4,0.0,0.8,0.7
1925.tiff,0.4,0.0,0.8,0.7
1926.tiff,0.4,0.0,0.8,0.6
1927.tiff,0.4,0.0,0.8,0.7
1928.tiff,0.5,0.0,0.8,0.8
1929.tiff,0.5,0.0,0.8,0.8
1930.tiff,0.7,0.0,0.8,0.8
1931.tiff,0.7,0.0,0.9,0.8
1932.tiff,0.7,0.0,0.9,0.8
1933.tiff,0.7,0.0,0.9,0.8
1934.tiff,0.7,0.0,0.9,0.8
1935.tiff,0.7,0.0,0.9,0.8
1936.tiff,0.7,0.0,0.9,0.8
1937.tiff,0.7,0.0,0.9,0.8
1964.tiff,0.0,0.6,0.7,0.3
1965.tiff,0.0,0.7,0.7,0.3
1966.tiff,0.0,0.7,0.8,0.4
1967.tiff,0.3,0.7,0.8,0.9
1968.tiff,0.2,0.8,0.8,1.0
1969.tiff,0.2,0.5,0.8,0.9
1975.tiff,0.3,0.6,0.8,0.9
1976.tiff,0.1,0.8,0.8,0.8
1977.tiff,0.3,0.4,0.5,0.8
1978.tiff,0.1,0.3,0.7,0.8
1979.tiff,0.1,0.4,0.6,0.6
1980.tiff,0.2,0.3,0.6,0.7
1984.tiff,0.1,0.5,0.6,0.9
1989.tiff,0.1,0.3,0.7,0.9
1994.tiff,0.1,0.4,0.6,0.8
1995.tiff,0.1,0.4,0.6,0.7
1996.tiff,0.2,0.3,0.6,0.9
2000.tiff,0.1,0.5,0.7,0.1
2005.tiff,0.1,0.6,0.6,0.1
2006.tiff,0.1,0.6,0.7,0.0
2015.tiff,0.1,0.4,0.4,0.6
2016.tiff,0.0,0.5,0.5,0.6
2017.tiff,0.1,0.5,0.6,0.6
2019.tiff,0.2,0.5,0.1,0.6
2029.tiff,0.1,0.4,0.5,0.6
2030.tiff,0.1,0.5,0.5,0.6
2031.tiff,0.1,0.4,0.5,0.6
2032.tiff,0.2,0.6,0.5,0.7
2038.tiff,0.0,0.7,0.5,0.6
2039.tiff,0.0,0.4,0.5,0.6
2048.tiff,0.1,0.4,0.6,0.7
2049.tiff,0.1,0.4,0.5,0.6
2050.tiff,0.0,0.5,0.6,0.7
2051.tiff,0.1,0.4,0.6,0.7
2052.tiff,0.1,0.4,0.6,0.5
2053.tiff,0.1,0.4,0.6,0.7
2054.tiff,0.1,0.7,0.8,0.6
2057.tiff,0.1,0.5,0.6,0.6
2058.tiff,0.0,0.2,0.5,0.6
2059.tiff,0.1,0.2,0.6,0.6
2062.tiff,0.1,0.3,0.6,0.8
2067.tiff,0.1,0.2,0.5,0.7
2070.tiff,0.1,0.2,0.5,0.5
2073.tiff,0.1,0.2,0.5,0.5
2074.tiff,0.1,0.2,0.5,0.6
2077.tiff,0.1,0.4,0.5,0.6
2078.tiff,0.1,0.5,0.5,0.5
2079.tiff,0.1,0.5,0.6,0.5
2080.tiff,0.1,0.6,0.5,0.5
2082.tiff,0.1,0.6,0.6,0.5
2083.tiff,0.1,0.5,0.5,0.5
2084.tiff,0.1,0.5,0.6,0.5
2085.tiff,0.1,0.4,0.6,0.4
2086.tiff,0.0,0.0,0.0,0.0
2088.tiff,0.1,0.5,0.6,0.4
2089.tiff,0.0,0.4,0.5,0.6
2094.tiff,0.2,0.6,0.5,0.5
2097.tiff,0.1,0.3,0.6,0.6
2098.tiff,0.1,0.5,0.5,0.6
2099.tiff,0.1,0.4,0.5,0.6
2106.tiff,0.0,0.3,0.4,0.9
2107.tiff,0.1,0.9,0.4,0.8
2108.tiff,0.0,0.5,0.9,0.3
2109.tiff,0.2,0.5,0.7,0.6
2110.tiff,0.1,0.6,0.8,0.5
2111.tiff,0.1,0.4,0.5,0.4
2112.tiff,0.1,0.4,0.8,0.5
2113.tiff,0.1,0.3,0.7,0.8
2123.tiff,0.1,0.4,0.7,0.3
2124.tiff,0.1,0.4,0.6,0.4
2125.tiff,0.0,0.4,0.6,0.3
2127.tiff,0.2,0.6,0.4,0.4
2131.tiff,0.1,0.6,0.5,0.7
2134.tiff,0.0,0.6,0.6,0.6
2141.tiff,0.1,0.7,0.8,0.5
2146.tiff,0.1,0.6,0.7,0.6
2156.tiff,0.0,0.5,0.6,0.4
2157.tiff,0.0,0.5,0.6,0.4
2160.tiff,0.0,0.5,0.6,0.5
2161.tiff,0.0,0.5,0.6,0.4
2165.tiff,0.0,0.4,0.6,0.4
2166.tiff,0.0,0.5,0.6,0.4
2174.tiff,0.0,0.4,0.6,0.3
2186.tiff,0.1,0.7,0.6,0.5
2187.tiff,0.3,0.7,0.7,0.6
2188.tiff,0.0,0.6,0.7,0.6
2189.tiff,0.0,0.6,0.7,0.6
2198.tiff,0.0,0.7,0.7,0.3
2199.tiff,0.0,0.6,0.6,0.3
2203.tiff,0.0,0.5,0.6,0.4
2206.tiff,0.0,0.5,0.5,0.3
2215.tiff,0.1,0.6,0.8,0.3
2219.tiff,0.1,0.3,0.1,0.5
2222.tiff,0.1,0.4,0.2,0.4
2228.tiff,0.1,0.5,0.7,0.4
2231.tiff,0.2,0.6,0.6,0.5
2232.tiff,0.2,0.7,0.6,0.7
2241.tiff,0.0,0.1,0.8,0.6
2245.tiff,0.1,0.5,0.6,0.7
2246.tiff,0.2,0.3,0.6,0.6
2251.tiff,0.1,0.4,0.6,0.6
2252.tiff,0.1,0.4,0.6,0.7
2253.tiff,0.1,0.4,0.6,0.5
2255.tiff,0.1,0.6,0.6,0.5
2256.tiff,0.1,0.6,0.7,0.5
2257.tiff,0.1,0.5,0.6,0.6
2260.tiff,0.2,0.8,0.8,0.6
2261.tiff,0.3,0.7,0.6,0.9
2262.tiff,0.5,0.7,0.7,0.8
2266.tiff,0.5,0.7,0.8,0.9
2267.tiff,0.6,0.8,0.7,0.7
2268.tiff,0.3,0.7,0.7,0.8
2288.tiff,0.0,0.6,0.5,0.6
2290.tiff,0.2,0.8,0.5,0.3
2291.tiff,0.2,0.6,0.3,0.4
2292.tiff,0.1,0.6,0.4,0.2
2295.tiff,0.3,0.6,0.5,0.4
2296.tiff,0.2,0.6,0.5,0.2
2297.tiff,0.2,0.7,0.5,0.5
2300.tiff,0.2,0.6,0.6,0.6
2301.tiff,0.2,0.7,0.6,0.5
2302.tiff,0.2,0.7,0.6,0.5
2324.tiff,0.1,0.6,0.3,0.2
2325.tiff,0.3,0.2,0.3,0.1
2326.tiff,0.2,0.6,0.9,0.2
2327.tiff,0.1,0.6,0.9,0.2
2328.tiff,0.0,0.0,0.0,0.0
2329.tiff,0.1,0.5,1.0,0.4
2330.tiff,0.1,0.1,0.1,0.1
2331.tiff,0.0,0.4,0.7,0.2
2332.tiff,0.1,0.5,0.7,0.7
2333.tiff,0.1,0.6,0.9,0.5
2334.tiff,0.2,0.6,0.8,0.3
2335.tiff,0.1,0.6,0.8,0.5
2336.tiff,0.2,0.9,1.0,0.8
2337.tiff,0.2,0.9,1.0,0.4
2338.tiff,0.2,0.8,0.9,0.3
2339.tiff,0.2,0.8,0.9,0.4
2340.tiff,0.2,0.8,0.9,0.3
2341.tiff,0.3,0.8,0.9,0.4
2342.tiff,0.3,0.8,0.9,0.4
2343.tiff,0.2,0.7,0.8,0.3
2344.tiff,0.2,0.8,0.9,0.3
2345.tiff,0.2,0.8,0.9,0.4
2346.tiff,0.1,0.6,0.7,0.2
2347.tiff,0.1,0.5,0.6,0.3
2348.tiff,0.1,0.5,0.7,0.3
2349.tiff,0.1,0.7,0.9,0.5
2350.tiff,0.1,0.8,0.9,0.3
2351.tiff,0.1,0.7,0.9,0.4
2352.tiff,0.1,0.7,0.9,0.4
2353.tiff,0.1,0.8,1.0,0.2
2354.tiff,0.1,0.7,0.8,0.4
2355.tiff,0.0,1.0,1.0,0.6
2356.tiff,0.0,0.4,0.5,0.4
2357.tiff,0.0,0.3,0.3,0.2
2358.tiff,0.1,0.5,0.6,0.2
2359.tiff,0.1,0.4,0.6,0.7
2360.tiff,0.1,0.2,0.5,0.6
2361.tiff,0.1,0.2,0.6,0.6
2362.tiff,0.1,0.5,0.6,0.6
2363.tiff,0.1,0.3,0.5,0.5
2364.tiff,0.1,0.5,0.8,0.6
2365.tiff,0.1,0.4,0.6,0.5
2367.tiff,0.0,0.1,0.2,0.3
2368.tiff,0.1,0.2,0.2,0.3
2369.tiff,0.1,0.2,0.5,0.3
2370.tiff,0.1,0.3,0.4,0.4
2371.tiff,0.1,0.3,0.2,0.3
2372.tiff,0.1,0.3,0.4,0.4
2373.tiff,0.1,0.3,0.2,0.3
2374.tiff,0.1,0.5,0.4,0.5
2375.tiff,0.1,0.5,0.4,0.5
2376.tiff,0.1,0.4,0.3,0.5
2377.tiff,0.1,0.5,0.4,0.7
2378.tiff,0.1,0.5,0.4,0.6
2379.tiff,0.1,0.5,0.4,0.6
2380.tiff,0.1,0.6,0.5,0.6
2381.tiff,0.1,0.6,0.5,0.6
2382.tiff,0.1,0.6,0.5,0.7
2383.tiff,0.1,0.5,0.4,0.6
2384.tiff,0.1,0.5,0.4,0.7
2385.tiff,0.1,0.6,0.7,0.8
2386.tiff,0.0,0.3,0.4,0.1
2387.tiff,0.1,0.3,0.4,0.4
2388.tiff,0.0,0.2,0.4,0.0
2389.tiff,0.0,0.2,0.4,0.0
2390.tiff,0.0,0.3,0.3,0.1
2391.tiff,0.0,0.3,0.2,0.1
2392.tiff,0.1,0.3,0.3,0.2
2393.tiff,0.1,0.2,0.3,0.3
2394.tiff,0.1,0.4,0.5,0.5
2395.tiff,0.1,0.3,0.2,0.5
2396.tiff,0.2,0.6,0.5,0.5
2397.tiff,0.3,0.4,0.3,0.5
2398.tiff,0.2,0.3,0.3,0.3
2399.tiff,0.1,0.4,0.4,0.4
2400.tiff,0.1,0.4,0.3,0.4
2401.tiff,0.1,0.4,0.3,0.3
2402.tiff,0.1,0.4,0.4,0.4
2403.tiff,0.1,0.4,0.4,0.4
2404.tiff,0.1,0.4,0.4,0.4
2405.tiff,0.1,0.4,0.4,0.4
2413.tiff,0.2,0.3,0.1,0.3
2414.tiff,0.1,0.2,0.1,0.3
2415.tiff,0.0,0.4,0.2,0.4
2416.tiff,0.1,0.4,0.4,0.5
2417.tiff,0.1,0.4,0.1,0.4
2418.tiff,0.1,0.4,0.2,0.4
2419.tiff,0.1,0.3,0.2,0.3
2420.tiff,0.0,0.2,0.1,0.3
2421.tiff,0.0,0.3,0.2,0.3
2422.tiff,0.6,0.6,0.6,0.6
2423.tiff,0.7,0.7,0.7,0.7
2424.tiff,0.6,0.6,0.6,0.6
2425.tiff,0.4,0.5,0.5,0.3
2426.tiff,0.4,0.4,0.4,0.3
2427.tiff,0.5,0.4,0.5,0.3
2428.tiff,0.5,0.5,0.5,0.3
2429.tiff,0.4,0.4,0.5,0.2
2430.tiff,0.4,0.3,0.4,0.3
2431.tiff,0.4,0.3,0.4,0.2
2437.tiff,0.2,0.2,0.3,0.3
2438.tiff,0.2,0.1,0.3,0.3
2439.tiff,0.2,0.2,0.4,0.3
2440.tiff,0.2,0.1,0.4,0.3
2441.tiff,0.2,0.1,0.3,0.3
2449.tiff,0.1,0.1,0.3,0.4
2450.tiff,0.1,0.2,0.3,0.4
2451.tiff,0.1,0.2,0.4,0.5
2452.tiff,0.1,0.3,0.5,0.5
2453.tiff,0.1,0.5,1.0,1.0
2454.tiff,0.1,0.4,1.0,1.0
2455.tiff,0.1,0.6,0.8,0.9
2456.tiff,0.1,0.6,0.8,0.9
2457.tiff,0.1,0.5,0.9,1.0
2458.tiff,0.1,0.5,0.8,0.9
2459.tiff,0.1,0.8,0.8,0.1
2460.tiff,0.4,0.9,0.9,0.4
2461.tiff,0.2,0.9,0.9,0.2
2462.tiff,0.1,0.9,0.9,0.3
2463.tiff,0.1,0.8,0.8,0.3
2464.tiff,0.1,0.8,0.8,0.2
2465.tiff,0.1,0.7,0.8,0.4
2466.tiff,0.1,0.6,0.7,0.4
2467.tiff,0.1,0.7,0.8,0.5
2468.tiff,0.1,0.8,0.8,0.5
2469.tiff,0.0,0.8,0.8,0.2
2470.tiff,0.0,0.7,0.7,0.0
2471.tiff,0.0,0.6,0.6,0.0
2472.tiff,0.0,0.6,0.6,0.1
2473.tiff,0.0,0.6,0.6,0.1
2474.tiff,0.0,0.6,0.6,0.1
2475.tiff,0.0,0.6,0.6,0.2
2476.tiff,0.0,0.7,0.7,0.2
2477.tiff,0.0,0.6,0.6,0.2
2478.tiff,0.0,0.6,0.6,0.3
2479.tiff,0.1,0.8,0.8,0.8
2480.tiff,0.1,0.8,0.8,0.8
2481.tiff,0.1,0.8,0.8,0.8
2482.tiff,0.1,0.8,0.8,0.8
2483.tiff,0.1,0.8,0.8,0.8
2484.tiff,0.0,0.6,0.6,0.6
2485.tiff,0.1,0.7,0.9,0.9
2486.tiff,0.1,0.8,0.9,0.9
2487.tiff,0.1,0.9,1.0,1.0
2488.tiff,0.1,0.8,1.0,1.0
2489.tiff,0.1,0.8,0.9,0.9
2490.tiff,0.1,0.7,0.8,0.8
2491.tiff,0.1,0.7,0.8,0.8
2492.tiff,0.1,0.7,0.9,0.9
2493.tiff,0.1,0.7,0.8,0.8
2494.tiff,0.0,0.7,0.9,0.9
2496.tiff,0.1,0.8,0.9,0.9
2497.tiff,0.1,0.7,0.9,0.9
2498.tiff,0.1,0.8,0.9,0.9
2499.tiff,0.2,0.8,0.9,0.9
2500.tiff,0.0,0.7,0.9,0.9
2501.tiff,0.2,0.8,0.9,0.9
2502.tiff,0.2,0.8,0.9,0.9
2503.tiff,0.1,0.8,0.9,0.9
2504.tiff,0.2,0.8,0.8,0.8
2505.tiff,0.2,0.9,0.9,0.9
2506.tiff,0.2,0.9,0.9,0.9
2507.tiff,0.1,0.8,0.8,0.8
2508.tiff,0.1,0.8,0.8,0.8
2509.tiff,0.2,0.8,0.8,0.8
2510.tiff,0.2,0.9,0.9,0.9
2511.tiff,0.2,0.9,0.9,0.9
2512.tiff,0.2,0.9,0.9,0.9
2513.tiff,0.2,0.9,0.9,0.9
2514.tiff,0.3,0.9,0.9,0.9
2515.tiff,0.2,0.9,0.8,0.0
2516.tiff,0.0,0.4,0.4,0.2
2517.tiff,0.0,0.4,0.4,0.3
2518.tiff,0.0,0.4,0.4,0.2
2519.tiff,0.0,0.4,0.4,0.3
2520.tiff,0.0,0.4,0.4,0.3
2521.tiff,0.0,0.4,0.4,0.3
2522.tiff,0.0,0.4,0.4,0.3
2523.tiff,0.1,0.4,0.4,0.2
2524.tiff,0.0,0.4,0.4,0.2
2525.tiff,0.0,0.4,0.4,0.2
2526.tiff,0.0,0.2,0.2,0.1
2527.tiff,0.0,0.2,0.2,0.1
2528.tiff,0.0,0.3,0.3,0.1
2529.tiff,0.0,0.2,0.2,0.1
2530.tiff,0.0,0.2,0.2,0.1
2531.tiff,0.0,0.3,0.3,0.1
2532.tiff,0.0,0.3,0.3,0.2
2533.tiff,0.0,0.3,0.3,0.2
2534.tiff,0.1,0.2,0.2,0.2
2535.tiff,0.0,0.3,0.3,0.1
2537.tiff,0.0,0.3,0.3,0.3
2538.tiff,0.0,0.2,0.3,0.3
2539.tiff,0.0,0.2,0.3,0.3
2540.tiff,0.0,0.4,0.3,0.3
2541.tiff,0.0,0.2,0.2,0.2
2542.tiff,0.0,0.2,0.2,0.2
2543.tiff,0.1,0.3,0.3,0.3
2544.tiff,0.0,0.3,0.4,0.4
2545.tiff,0.0,0.3,0.4,0.4
2546.tiff,0.4,0.8,0.8,0.8
2547.tiff,0.2,0.5,0.7,0.6
2548.tiff,0.1,0.4,0.5,0.5
2549.tiff,0.1,0.4,0.6,0.5
2550.tiff,0.1,0.5,0.8,0.5
2551.tiff,0.1,0.5,0.7,0.5
2552.tiff,0.0,0.4,0.4,0.4
2553.tiff,0.0,0.4,0.4,0.4
2554.tiff,0.1,0.6,0.6,0.6
2555.tiff,0.0,0.4,0.4,0.4
2556.tiff,0.0,0.6,0.4,0.4
2557.tiff,0.0,0.5,0.5,0.3
2558.tiff,0.0,0.4,0.4,0.3
2559.tiff,0.0,0.4,0.4,0.3
2560.tiff,0.1,0.6,0.5,0.3
2561.tiff,0.1,0.6,0.4,0.4
2562.tiff,0.0,0.7,0.5,0.3
2563.tiff,0.0,0.4,0.3,0.2
2564.tiff,0.1,0.7,0.4,0.4
2565.tiff,0.0,0.6,0.5,0.5
2566.tiff,0.1,0.5,0.5,0.5
2567.tiff,0.0,0.5,0.5,0.5
2568.tiff,0.0,0.6,0.6,0.4
2569.tiff,0.2,0.6,0.6,0.6
2570.tiff,0.0,0.6,0.6,0.4
2571.tiff,0.0,0.5,0.5,0.5
2572.tiff,0.0,0.5,0.5,0.6
2573.tiff,0.0,0.5,0.5,0.6
2574.tiff,0.1,0.4,0.5,0.4
2575.tiff,0.1,0.5,0.6,0.5
2576.tiff,0.2,0.5,0.7,0.5
2577.tiff,0.2,0.6,0.6,0.6
2578.tiff,0.3,0.6,0.6,0.6
2579.tiff,0.4,0.7,0.7,0.7
2580.tiff,0.2,0.5,0.5,0.5
2581.tiff,0.2,0.7,0.7,0.7
2582.tiff,0.2,0.6,0.6,0.6
2583.tiff,0.2,0.6,0.6,0.6
2584.tiff,0.3,0.7,0.7,0.7
2585.tiff,0.3,0.7,0.7,0.7
2586.tiff,0.2,0.6,0.6,0.2
2587.tiff,0.1,0.3,0.3,0.1
2588.tiff,0.2,0.4,0.4,0.3
2589.tiff,0.2,0.5,0.5,0.3
2590.tiff,0.2,0.4,0.4,0.5
2591.tiff,0.2,0.5,0.5,0.3
2592.tiff,0.2,0.5,0.5,0.3
2593.tiff,0.2,0.4,0.5,0.3
2594.tiff,0.2,0.5,0.6,0.4
2595.tiff,0.2,0.5,0.5,0.3
2596.tiff,0.1,0.6,0.6,0.4
2597.tiff,0.1,0.6,0.6,0.6
2598.tiff,0.0,0.6,0.6,0.6
2599.tiff,0.2,0.5,0.5,0.3
2600.tiff,0.1,0.6,0.6,0.0
2601.tiff,0.0,0.6,0.6,0.0
2602.tiff,0.2,0.6,0.6,0.0
2603.tiff,0.0,0.5,0.5,0.0
2604.tiff,0.1,0.6,0.6,0.0
2605.tiff,0.0,0.6,0.6,0.0
2606.tiff,0.0,0.6,0.6,0.0
2607.tiff,0.0,0.5,0.5,0.0
2608.tiff,0.0,0.5,0.5,0.0
2609.tiff,0.0,0.6,0.6,0.0
2610.tiff,0.1,0.6,0.6,0.0
2611.tiff,0.1,0.5,0.5,0.0
2612.tiff,0.0,0.6,0.6,0.0
2613.tiff,0.1,0.6,0.6,0.0
2614.tiff,0.1,0.6,0.6,0.0
2615.tiff,0.1,0.6,0.6,0.0
2616.tiff,0.1,0.5,0.5,0.0
2617.tiff,0.1,0.5,0.5,0.0
2618.tiff,0.1,0.5,0.5,0.0
2619.tiff,0.1,0.6,0.6,0.0
2620.tiff,0.1,0.5,0.5,0.0
2621.tiff,0.0,0.5,0.5,0.0
2622.tiff,0.1,0.5,0.5,0.0
2623.tiff,0.1,0.5,0.5,0.0
2624.tiff,0.1,0.5,0.5,0.0
2625.tiff,0.1,0.5,0.5,0.0
2626.tiff,0.1,0.6,0.6,0.0
2627.tiff,0.1,0.5,0.5,0.0
2628.tiff,0.1,0.5,0.5,0.0
2629.tiff,0.1,0.5,0.5,0.0
2630.tiff,0.1,0.5,0.5,0.0
2631.tiff,0.1,0.5,0.5,0.0
2632.tiff,0.1,0.5,0.5,0.0
2633.tiff,0.1,0.5,0.5,0.0
2634.tiff,0.1,0.5,0.5,0.0
2635.tiff,0.1,0.5,0.5,0.0
2636.tiff,0.1,0.5,0.5,0.0
2637.tiff,0.0,0.6,0.6,0.0
2638.tiff,0.0,0.5,0.5,0.0
2639.tiff,0.1,0.6,0.6,0.0
2640.tiff,0.1,0.5,0.5,0.0
2641.tiff,0.0,0.5,0.5,0.0
2642.tiff,0.1,0.5,0.5,0.0
2643.tiff,0.1,0.5,0.5,0.0
2644.tiff,0.0,0.5,0.5,0.0
2645.tiff,0.0,0.5,0.5,0.0
2646.tiff,0.2,0.5,0.7,0.0
2647.tiff,0.1,0.5,0.7,0.0
2648.tiff,0.1,0.5,0.7,0.0
2649.tiff,0.1,0.5,0.6,0.0
2650.tiff,0.1,0.5,0.6,0.0
2651.tiff,0.1,0.5,0.6,0.0
2652.tiff,0.1,0.5,0.6,0.0
2653.tiff,0.1,0.5,0.6,0.0
2654.tiff,0.1,0.5,0.6,0.0
2655.tiff,0.1,0.5,0.6,0.0
2656.tiff,0.0,0.3,0.3,0.0
2657.tiff,0.0,0.3,0.3,0.0
2658.tiff,0.0,0.3,0.3,0.0
2659.tiff,0.1,0.3,0.4,0.0
2660.tiff,0.0,0.3,0.3,0.0
2661.tiff,0.1,0.3,0.4,0.0
2662.tiff,0.1,0.2,0.3,0.0
2663.tiff,0.1,0.1,0.3,0.0
2664.tiff,0.1,0.1,0.3,0.0
2665.tiff,0.1,0.5,0.5,0.0
2666.tiff,0.1,0.5,0.5,0.0
2667.tiff,0.0,0.3,0.1,0.0
2668.tiff,0.2,0.5,0.5,0.0
2669.tiff,0.1,0.5,0.5,0.0
2670.tiff,0.1,0.5,0.5,0.0
2671.tiff,0.1,0.5,0.5,0.0
2672.tiff,0.1,0.5,0.5,0.0
2673.tiff,0.1,0.5,0.5,0.0
2674.tiff,0.1,0.5,0.5,0.0
2675.tiff,0.1,0.5,0.5,0.0
2676.tiff,0.2,0.5,0.5,0.0
2677.tiff,0.2,0.5,0.4,0.0
2679.tiff,0.0,0.3,0.3,0.0
2680.tiff,0.0,0.3,0.4,0.0
2681.tiff,0.0,0.3,0.4,0.0
2682.tiff,0.0,0.3,0.4,0.0
2683.tiff,0.0,0.4,0.5,0.0
2684.tiff,0.0,0.3,0.4,0.0
2685.tiff,0.0,0.3,0.5,0.0
2686.tiff,0.0,0.4,0.5,0.0
2687.tiff,0.0,0.4,0.5,0.0
2688.tiff,0.0,0.4,0.4,0.0
2689.tiff,0.1,0.2,0.2,0.0
2690.tiff,0.2,0.3,0.3,0.0
2691.tiff,0.2,0.3,0.4,0.0
2692.tiff,0.1,0.3,0.4,0.0
2693.tiff,0.1,0.3,0.4,0.0
2694.tiff,0.2,0.3,0.4,0.0
2695.tiff,0.2,0.3,0.4,0.0
2696.tiff,0.2,0.3,0.4,0.0
2697.tiff,0.2,0.2,0.4,0.0
2698.tiff,0.2,0.2,0.4,0.0
2699.tiff,0.2,0.4,0.4,0.0
2700.tiff,0.1,0.4,0.4,0.0
2702.tiff,0.2,0.4,0.3,0.0
2703.tiff,0.2,0.5,0.5,0.0
2704.tiff,0.1,0.5,0.5,0.0
2705.tiff,0.1,0.4,0.4,0.0
2706.tiff,0.1,0.4,0.4,0.0
2707.tiff,0.1,0.5,0.5,0.0
2708.tiff,0.0,0.4,0.4,0.0
2709.tiff,0.0,0.4,0.4,0.0
2710.tiff,0.1,0.4,0.4,0.0
2711.tiff,0.1,0.4,0.4,0.0
2712.tiff,0.1,0.4,0.4,0.0
2713.tiff,0.1,0.5,0.6,0.6
2714.tiff,0.2,0.6,0.6,0.4
2715.tiff,0.2,0.6,0.6,0.4
2716.tiff,0.1,0.6,0.6,0.4
2717.tiff,0.2,0.6,0.6,0.4
2718.tiff,0.2,0.6,0.6,0.4
2719.tiff,0.2,0.6,0.6,0.4
2720.tiff,0.2,0.6,0.6,0.4
2721.tiff,0.2,0.7,0.6,0.3
2722.tiff,0.2,0.6,0.6,0.4
2723.tiff,0.2,0.6,0.6,0.4
2724.tiff,0.2,0.7,0.6,0.4
2725.tiff,0.1,0.6,0.7,0.4
2726.tiff,0.2,0.7,0.6,0.4
2727.tiff,0.2,0.6,0.6,0.4
2728.tiff,0.2,0.7,0.6,0.4
2729.tiff,0.2,0.7,0.6,0.4
2730.tiff,0.2,0.7,0.6,0.4
2731.tiff,0.2,0.7,0.6,0.4
2732.tiff,0.2,0.7,0.6,0.4
2733.tiff,0.2,0.5,0.4,0.8
2734.tiff,0.2,0.5,0.4,0.9
2735.tiff,0.2,0.6,0.4,0.9
2736.tiff,0.2,0.5,0.3,0.8
2737.tiff,0.2,0.5,0.4,0.8
2738.tiff,0.2,0.5,0.4,0.8
2739.tiff,0.2,0.5,0.4,0.8
2740.tiff,0.2,0.5,0.4,0.8
2741.tiff,0.2,0.6,0.4,0.8
2742.tiff,0.1,0.5,0.4,0.8
2743.tiff,0.2,0.6,0.6,0.9
2744.tiff,0.2,0.6,0.6,0.9
2745.tiff,0.2,0.7,0.6,0.9
2746.tiff,0.1,0.7,0.5,0.8
2747.tiff,0.2,0.7,0.6,0.9
2748.tiff,0.2,0.7,0.7,0.9
2749.tiff,0.1,0.7,0.7,0.9
2750.tiff,0.2,0.7,0.7,0.9
2751.tiff,0.2,0.6,0.6,0.9
2752.tiff,0.2,0.6,0.6,0.8
2753.tiff,0.2,0.4,0.6,0.2
2754.tiff,0.2,0.4,0.5,0.2
2755.tiff,0.2,0.4,0.6,0.2
2756.tiff,0.2,0.3,0.6,0.2
2757.tiff,0.2,0.4,0.7,0.2
2758.tiff,0.2,0.3,0.7,0.2
2759.tiff,0.2,0.3,0.7,0.3
2760.tiff,0.2,0.3,0.8,0.2
2761.tiff,0.2,0.4,0.8,0.2
2762.tiff,0.2,0.4,0.7,0.2
2763.tiff,0.3,0.4,0.6,0.8
2764.tiff,0.3,0.3,0.5,1.0
2765.tiff,0.2,0.3,0.6,0.9
2766.tiff,0.2,0.3,0.6,0.9
2767.tiff,0.2,0.3,0.6,0.9
2768.tiff,0.2,0.3,0.6,0.9
2769.tiff,0.3,0.3,0.5,0.9
2770.tiff,0.2,0.3,0.6,0.9
2771.tiff,0.2,0.4,0.7,0.9
2772.tiff,0.2,0.2,0.7,0.9
2773.tiff,0.5,0.6,0.9,0.9
2774.tiff,0.4,0.6,0.8,0.9
2775.tiff,0.3,0.5,0.8,0.9
2776.tiff,0.4,0.6,0.8,0.8
2777.tiff,0.4,0.7,0.8,0.8
2778.tiff,0.2,0.6,0.8,0.4
2779.tiff,0.2,0.7,0.7,0.5
2780.tiff,0.3,0.7,0.8,0.7
2781.tiff,0.2,0.7,0.6,0.6
2782.tiff,0.2,0.7,0.6,0.6
2783.tiff,0.2,0.7,0.7,0.5
2784.tiff,0.2,0.7,0.7,0.7
2785.tiff,0.4,0.6,0.7,0.6
2786.tiff,0.3,0.5,0.6,0.5
2787.tiff,0.2,0.5,0.6,0.5
2788.tiff,0.2,0.4,0.7,0.8
2789.tiff,0.2,0.3,0.7,0.7
2790.tiff,0.2,0.4,0.7,0.7
2791.tiff,0.3,0.3,0.7,0.9
2792.tiff,0.2,0.2,0.7,0.6
2793.tiff,0.2,0.2,0.8,0.9
2794.tiff,0.2,0.2,0.7,0.6
2795.tiff,0.3,0.4,0.7,0.8
2796.tiff,0.2,0.3,0.7,0.8
2797.tiff,0.2,0.3,0.7,0.7
2798.tiff,0.3,0.5,0.8,0.8
2799.tiff,0.5,0.5,0.7,0.9
2800.tiff,0.2,0.5,0.7,0.7
2801.tiff,0.2,0.5,0.7,0.7
2802.tiff,0.2,0.5,0.7,0.8
2803.tiff,0.4,0.5,0.7,0.7
2804.tiff,0.2,0.5,0.7,0.7
2805.tiff,0.2,0.5,0.7,0.8
2806.tiff,0.2,0.5,0.7,0.8
2807.tiff,0.3,0.5,0.7,0.7
2808.tiff,0.2,0.5,0.7,0.7
2809.tiff,0.2,0.6,0.8,0.6
2810.tiff,0.2,0.6,0.7,0.6
2811.tiff,0.2,0.7,0.8,0.6
2812.tiff,0.2,0.6,0.8,0.7
2813.tiff,0.2,0.6,0.7,0.5
2814.tiff,0.2,0.6,0.7,0.5
2815.tiff,0.3,0.5,0.7,0.6
2816.tiff,0.3,0.6,0.8,0.7
2817.tiff,0.2,0.6,0.8,0.6
2818.tiff,0.5,0.6,0.9,1.0
2820.tiff,0.4,0.6,0.9,0.9
2821.tiff,0.4,0.6,0.9,1.0
2822.tiff,0.5,0.4,0.9,0.9
2823.tiff,0.3,0.4,0.9,0.9
2824.tiff,0.4,0.4,0.8,0.9
2825.tiff,0.2,0.4,0.9,1.0
2826.tiff,0.2,0.4,0.8,0.9
2827.tiff,0.2,0.4,0.8,0.9
2828.tiff,0.2,0.4,0.7,0.8
2829.tiff,0.2,0.3,0.7,0.9
2830.tiff,0.2,0.4,0.6,0.8
2831.tiff,0.2,0.4,0.6,0.8
2832.tiff,0.2,0.4,0.8,0.8
2833.tiff,0.2,0.4,0.9,0.9
2834.tiff,0.2,0.4,0.7,0.9
2835.tiff,0.2,0.4,0.8,0.7
2836.tiff,0.2,0.4,0.7,0.6
2837.tiff,0.2,0.4,0.8,0.7
2838.tiff,0.2,0.3,0.5,0.6
2839.tiff,0.2,0.4,0.4,0.6
2840.tiff,0.4,0.5,0.6,0.7
2841.tiff,0.2,0.4,0.5,0.7
2842.tiff,0.2,0.4,0.6,0.6
2843.tiff,0.2,0.4,0.6,0.5
2844.tiff,0.2,0.4,0.6,0.6
2845.tiff,0.2,0.4,0.6,0.6
2846.tiff,0.3,0.5,0.6,0.5
2847.tiff,0.2,0.5,0.6,0.5
2848.tiff,0.2,0.3,0.7,0.7
2849.tiff,0.2,0.4,0.8,0.6
2850.tiff,0.3,0.5,0.8,0.5
2851.tiff,0.3,0.6,0.8,0.5
2852.tiff,0.2,0.5,0.7,0.4
2853.tiff,0.3,0.4,0.9,0.6
2854.tiff,0.3,0.5,0.8,0.6
2855.tiff,0.2,0.5,0.8,0.5
2856.tiff,0.2,0.5,0.7,0.5
2857.tiff,0.2,0.5,0.7,0.5
2858.tiff,0.3,0.5,0.8,0.8
2859.tiff,0.2,0.4,0.8,0.8
2860.tiff,0.2,0.5,0.8,0.8
2861.tiff,0.2,0.5,0.8,0.8
2862.tiff,0.3,0.5,0.6,0.5
2863.tiff,0.2,0.5,0.6,0.6
2864.tiff,0.5,0.4,0.8,0.8
2865.tiff,0.3,0.5,0.7,0.7
2866.tiff,0.4,0.6,0.8,0.8
2867.tiff,0.2,0.5,0.7,0.7
2868.tiff,0.1,0.3,0.7,0.9
2869.tiff,0.2,0.4,0.8,0.8
2870.tiff,0.1,0.7,0.7,0.9
2871.tiff,0.2,0.8,0.8,0.6
2872.tiff,0.2,0.7,0.7,0.7
2873.tiff,0.1,0.4,0.8,0.8
2874.tiff,0.2,0.7,0.7,0.6
2875.tiff,0.1,0.6,0.7,0.8
2876.tiff,0.2,0.6,0.7,0.7
2877.tiff,0.2,0.7,0.7,0.6
2878.tiff,0.2,0.7,0.7,0.8
2879.tiff,0.1,0.7,0.7,0.8
2880.tiff,0.2,0.7,0.7,0.8
2881.tiff,0.2,0.7,0.7,0.8
2882.tiff,0.2,0.7,0.8,0.7
2883.tiff,0.2,0.7,0.8,0.7
2884.tiff,0.3,0.6,0.8,0.7
2885.tiff,0.2,0.7,0.8,0.7
2886.tiff,0.3,0.8,0.8,0.8
2887.tiff,0.2,0.8,0.8,0.8
2888.tiff,0.2,0.8,0.8,0.8
2889.tiff,0.3,0.8,0.8,0.7
2890.tiff,0.3,0.8,0.8,0.8
2891.tiff,0.2,0.8,0.8,0.8
2892.tiff,0.4,0.9,0.8,0.9
2893.tiff,0.4,0.9,0.8,0.8
2894.tiff,0.4,0.8,0.7,0.7
2895.tiff,0.4,0.8,0.7,0.8
2896.tiff,0.3,0.8,0.7,0.7
2897.tiff,0.4,0.7,0.7,0.8
2898.tiff,0.3,0.8,0.7,0.6
2899.tiff,0.2,0.8,0.7,0.7
2900.tiff,0.3,0.7,0.7,0.8
2901.tiff,0.3,0.7,0.8,0.7
2902.tiff,0.2,0.7,0.4,0.7
2903.tiff,0.2,0.7,0.7,0.7
2904.tiff,0.2,0.5,0.5,0.6
2905.tiff,0.2,0.6,0.6,0.7
2906.tiff,0.2,0.5,0.6,0.7
2907.tiff,0.2,0.6,0.7,0.8
2908.tiff,0.1,0.6,0.7,0.8
2909.tiff,0.1,0.6,0.6,0.8
2910.tiff,0.2,0.6,0.7,0.7
2911.tiff,0.1,0.8,0.6,0.8
2912.tiff,0.2,0.5,0.7,0.8
2913.tiff,0.2,0.6,0.7,0.7
2914.tiff,0.2,0.5,0.7,0.6
2915.tiff,0.2,0.6,0.7,0.7
2916.tiff,0.1,0.4,0.5,0.7
2917.tiff,0.2,0.5,0.6,0.7
2918.tiff,0.2,0.5,0.6,0.7
2919.tiff,0.2,0.5,0.7,0.6
2920.tiff,0.3,0.5,0.6,0.7
2921.tiff,0.1,0.5,0.7,0.7
2922.tiff,0.1,0.3,0.6,0.8
2923.tiff,0.4,1.0,0.8,0.5
2924.tiff,0.5,1.0,0.8,0.5
2926.tiff,0.4,1.0,0.8,0.7
2927.tiff,0.1,0.6,0.7,0.9
2928.tiff,0.0,0.7,0.8,0.9
2929.tiff,0.3,0.7,0.7,0.7
2930.tiff,0.2,0.5,0.6,0.8
2937.tiff,0.2,0.6,0.6,1.0
2938.tiff,0.2,0.7,0.6,1.0
2939.tiff,0.2,0.8,0.6,1.0
2940.tiff,0.2,0.8,0.7,1.0
2941.tiff,0.2,0.8,0.7,1.0
2942.tiff,0.2,0.8,0.6,1.0
2947.tiff,0.2,0.6,0.7,0.8
2949.tiff,0.2,0.6,0.7,0.9
2950.tiff,0.2,0.6,0.9,0.6
2969.tiff,0.1,0.4,0.7,0.5
2972.tiff,0.1,0.4,0.7,0.4
2973.tiff,0.2,0.6,0.7,0.6
2974.tiff,0.4,0.6,0.7,0.7
2976.tiff,0.2,0.6,0.6,0.5
2983.tiff,0.2,0.7,0.7,0.7
2987.tiff,0.1,0.6,0.7,0.5
3021.tiff,0.1,0.5,0.6,0.9
3023.tiff,0.2,0.5,0.6,1.0
3024.tiff,0.1,0.5,0.5,0.9
3028.tiff,0.1,0.4,0.9,1.0
3030.tiff,0.1,0.5,0.9,1.0
3062.tiff,0.1,0.4,0.6,0.9
3063.tiff,0.2,0.6,0.7,0.8
3064.tiff,0.2,0.5,0.6,0.9
3065.tiff,0.2,0.4,0.6,0.8
3069.tiff,0.1,0.5,0.7,0.8
3070.tiff,0.1,0.5,0.6,0.9
3071.tiff,0.1,0.5,0.6,0.7
3072.tiff,0.1,0.5,0.6,0.9
3086.tiff,0.1,0.3,0.7,0.7
3087.tiff,0.1,0.5,0.6,0.7
3088.tiff,0.1,0.6,0.6,0.7
3094.tiff,0.1,0.6,0.8,0.6
3095.tiff,0.1,0.5,0.8,0.7
